9.945118292333242627e-01,5.699168276530368338e-02,4.505388603915969764e-02,-5.286365021177135554e-02,2.464553916618807735e-03,5.587322546470723308e-03,-2.424058173660244286e-02,1.298614382813319257e-03,1.403715971082958877e-04,1.257200070061903691e-04,-4.504057744299237026e-02,-3.314982524687628704e-06,7.052640504309898306e-04,1.420676272124684049e-05,1.008544872922275022e-02,-2.496893713880269814e-05,-7.009379750642617986e-03,3.912519730601964226e-05,1.055469254108379481e-04,4.484288763187780507e-05,-6.446969025872637676e-03,-1.636251790621258238e-05,-1.896936482274952558e-05,-4.559033804308389734e-05,3.489671159254114849e-03,-1.116999048129675236e-06,7.763531145133048973e-05,1.287912916143065386e-05,1.148507111177357007e-05,6.707005149521043266e-06,4.134647869990567680e-05,1.983066952638680726e-05,-3.405595150252113679e-03,-1.115065469389208462e-05,-2.603430880983727174e-05,-4.285703395719325147e-05,-5.665654973280860558e-05,-7.290844323966193382e-05,-2.407957577347036239e-05,-3.633825912095937981e-05,-8.882100006048470730e-05,-8.775673581628412861e-05,-8.382092151904494413e-05,-4.155218667496448569e-05,-6.964439489883178730e-05,-6.164226125734928138e-05,-5.278207753335915171e-05,-4.308274453742459741e-05,-2.981706093325438262e-05,-3.991609088001500910e-05,-1.309072549953694663e-03
-9.275667891653946451e-02,6.329265208904654161e-01,3.914634460738097843e-01,-6.202263240691313628e-01,-2.561148701102779202e-03,6.731964538494922268e-02,4.081790169862753448e-02,1.864931655063164009e-02,-2.051486686171478079e-04,-1.191716122304413937e-04,-8.980782813502381778e-02,3.800988449363524766e-08,5.961787859895398885e-04,-2.648404871379357418e-05,1.695709120618439647e-01,5.543930998818646228e-05,1.409099742997753889e-02,-7.045174352809694079e-05,-1.427137867063111394e-04,-8.911051745303011004e-05,-7.699739044086222062e-02,2.674806526043260212e-05,4.317998809752659133e-05,3.171122044914117551e-05,-2.609641658704815737e-03,2.445583938643433230e-06,-7.094494599401545288e-06,-2.768675670380675054e-05,-3.248919107443771885e-05,-2.528193415360470767e-05,1.442594306869255550e-05,6.144584146227720877e-06,-4.600480415672673906e-02,-2.143826711355436340e-07,-7.811055635182423534e-06,-1.229161751461731929e-05,-2.092568799891112466e-05,-2.872510350787460108e-05,1.232125949906453610e-05,1.951397943408305963e-05,-3.719946517382047757e-05,-3.936007652182970789e-05,-3.585215484619635269e-05,-3.227629544586161031e-05,-2.499878759233200318e-05,-2.090747127402496706e-05,-1.655508286230162503e-05,-1.378984210633639209e-05,-5.932742262214444348e-06,1.270684074261784513e-05,-3.539621239501624522e-02
2.847460236437669039e-04,-6.492227035000608382e-01,5.058366941246614790e-01,-2.389772969063151953e-01,3.549929911180975568e-03,1.397411167297859524e-01,-1.668556993478183814e-01,4.926276330269117182e-02,7.680394423263728863e-04,4.777637711034595945e-04,2.028090084649734615e-01,3.118182500607327560e-05,-3.260455281080021123e-04,1.207741713846071144e-04,3.296969879508797052e-01,-1.089405544479582185e-04,-5.100716165261289653e-02,8.067151344111708365e-05,1.702557672726404039e-04,1.032830913421548349e-04,-2.078681657337301814e-01,-2.450948781188270030e-05,-4.021112289756181558e-05,-6.291447840502593610e-05,2.492642941103120988e-03,-1.301690883837553282e-05,3.032843751352441762e-05,3.775863682568242449e-05,6.675499052409815956e-05,5.132409652963970133e-05,2.567593158796336404e-05,9.366527030583942002e-06,-1.143785211432358506e-01,-1.055397160229758829e-05,-1.126873307795359882e-05,-2.315297427768027571e-05,-2.640129208391417740e-05,-2.479321308323668153e-05,-5.120112124414682943e-05,-5.501694552121936746e-05,-1.753467075174032914e-05,-8.126397217130389914e-06,-4.341923199292511680e-06,-5.163623840626557971e-06,-1.352671478788906693e-05,-1.022713396063084921e-05,-5.450972110234039264e-06,-3.972676685035159610e-06,-9.621689457716079016e-06,-1.957830438342144690e-05,-8.359951626630431065e-02
2.294836488828262341e-03,6.311527606077123320e-02,4.140971264738065039e-02,3.953405360890513420e-01,-7.625630400410378373e-02,1.871033393879506235e-01,4.683315902396271713e-01,7.397301410551310186e-02,-3.016927918452215300e-03,-2.252747185005486014e-03,-3.902481091078022213e-01,-8.525422941200675993e-05,1.110835959051624695e-02,-4.181791299840730610e-04,4.813279955467336668e-01,1.000729665338465427e-03,2.128021807537151533e-01,-1.284712658000916911e-03,-2.521028777819853909e-03,-1.543413079766491796e-03,-3.114928450645534919e-01,5.341730044714238651e-04,8.169719549797353677e-04,5.585062775572848361e-04,-4.114687197925439438e-02,2.008512966328948951e-05,-1.164674360680668095e-04,-5.217089750839673046e-04,-5.319998981062882453e-04,-3.945578568364024180e-04,3.366197740141335724e-04,1.507206614565179429e-04,-1.705782557135627209e-01,-7.004082617332818236e-05,-1.650438700336898123e-04,-2.706647676004119937e-04,-3.587882940599983238e-04,-4.772405352001054570e-04,3.347148446040332584e-04,4.986621188638593787e-04,-5.187498769530266788e-04,-5.179483221935468618e-04,-4.302842380378778362e-04,-2.924019470363276355e-04,-1.982991199125884105e-04,-1.459914206076226161e-04,-8.820823043885718453e-05,-4.441102418384304410e-05,-1.558270445037464834e-05,2.516592599867361842e-04,-1.230743506287550471e-01
-5.655778264475096531e-03,2.530120711406447231e-01,-2.972360841999199255e-01,1.760234048114051875e-01,2.916981921636834230e-01,2.430558849582745151e-01,-4.510473253225397716e-01,1.036119830492219090e-01,2.497808427211196600e-02,1.934798220743360123e-02,1.785797501654450559e-01,6.486295333365013323e-04,-6.095078356316357970e-02,4.189799830407379272e-03,3.840941495429791575e-01,-6.227925317608030628e-03,-4.012266082398378009e-01,6.894095855674626898e-03,1.403255462802110998e-02,8.542641771156619587e-03,-9.653126642445214456e-02,-2.648626241983518138e-03,-4.028887738219497777e-03,-2.832164083829566848e-03,1.801579895180666357e-01,-2.614044122065430618e-04,-1.352961631965081467e-04,2.414829731835793636e-03,2.699330929555963238e-03,1.763724656818945954e-03,-2.141621013808522704e-03,-9.701570751489573983e-04,-1.937869003020681880e-01,4.903353652037625767e-04,1.095092256914158985e-03,1.757355071770474054e-03,2.370019334708814169e-03,2.989891515500232508e-03,-1.379137151257879383e-03,-2.302993009698134797e-03,3.295262741355080814e-03,3.085686807157364195e-03,2.593659346795500632e-03,1.833255850876070120e-03,1.485059781880405418e-03,1.141606483594536032e-03,7.998925022369906754e-04,4.867512073203585283e-04,2.978279593463281465e-04,-9.859983492703152264e-04,-1.826009792279323918e-01
1.784637593261654762e-02,5.387040887788336826e-03,-3.409147391628506996e-01,-1.797154564294049239e-01,-4.812609453734124632e-01,2.726150170192678801e-01,-8.403817688000038422e-02,1.326441636964680593e-01,-1.624853039901067442e-01,-1.223036575209673904e-01,2.725528162794422227e-01,-4.937989842233493284e-03,1.685587213844757515e-01,-2.993614245363908008e-02,1.157273006031489387e-01,2.708363427675753929e-02,2.906044608849920330e-01,-2.121037172219079545e-02,-4.662058470365048474e-02,-2.770274042880928669e-02,2.059257313077959006e-01,6.240578323583269651e-03,9.270697527901989102e-03,9.182378262729069124e-03,-3.710526584195629751e-01,2.458230265330450803e-03,2.811596295968887826e-03,-5.180179141592621342e-03,-9.004724621230229126e-03,-4.657226863648536788e-03,5.481216995589569679e-03,2.724340385316542136e-03,-1.861754889577879046e-01,-1.342787902337814511e-03,-3.116732027318533382e-03,-4.486324745998256959e-03,-6.352191406935863566e-03,-7.750123191133291740e-03,3.889759139898642595e-03,6.836523547598534825e-03,-9.242798715567183618e-03,-8.119308912673020920e-03,-6.763709945067931592e-03,-4.706216190886695384e-03,-4.166541414010193484e-03,-3.252349586087304421e-03,-2.678967391386663510e-03,-1.697360701202740591e-03,-1.069522946597568393e-03,1.802229022161957192e-03,-2.408445135791772995e-01
9.795148487911430057e-03,-1.360632038729826798e-01,-1.480797197433479095e-01,-2.233849802181527844e-01,1.802177311149593120e-01,2.481313047923289217e-01,2.609618820323901800e-01,1.527651560644430750e-01,4.609524406380680062e-01,3.093464340053884154e-01,5.890781030877557771e-03,1.805198780280012003e-02,-2.282847562113636819e-01,8.268512362184327058e-02,-9.967180630152965015e-02,-6.026775467274848863e-02,2.050001722265412385e-01,3.367754339675845671e-02,8.313919184217223590e-02,4.795775410300925912e-02,3.150360258164719429e-01,-5.821024463841022178e-03,-7.656277631638565631e-03,-1.604562419883517541e-02,3.083349690999171444e-01,-8.183566150290944377e-03,-8.416414324576683773e-03,3.034245903169611666e-03,1.648482001924259782e-02,6.180875267765877784e-03,-5.944731836040512835e-03,-3.622722588985503259e-03,-1.572643303584956298e-01,1.664307306543097833e-03,4.181885848926605864e-03,4.758190589774240545e-03,7.499934076131569566e-03,8.693064578197866668e-03,-5.976035985523939567e-03,-1.133475505127074477e-02,1.218191156543262620e-02,9.741989220558999393e-03,7.705256551646066238e-03,4.955203090481286564e-03,4.922583310312261470e-03,3.897533231482102917e-03,4.137774925530589114e-03,2.625446678349168533e-03,1.620450957246250857e-03,-1.150193024045630596e-03,-2.646048059404740860e-01
-5.876903905817499295e-03,-1.058077985904058577e-01,6.686570614667095014e-02,-6.755028585352172710e-02,3.072095727580759772e-01,1.894344524966752596e-01,1.924170911444562926e-01,1.646571304661893775e-01,-6.590049302369229700e-01,-2.258033726266571728e-01,-2.102117367426102890e-01,-4.712347382515048172e-02,1.756321341212228881e-02,-9.025376369830404033e-02,-2.150815446933835862e-01,5.464147662615532336e-02,-1.594654897635535973e-01,-9.183032194362126047e-03,-5.283092575624081383e-02,-2.787992719165907629e-02,2.514586429381654442e-01,-7.093528266079575026e-03,-1.477983615944587249e-02,8.366320408387917240e-03,1.409701820359616498e-01,1.508928616347622251e-02,8.960164764554497466e-03,1.305047397931095345e-02,-1.144952922736335553e-02,3.417347554353447094e-04,-2.495792392188949868e-03,2.835676690416249210e-04,-1.223458797895180666e-01,1.097331425873717206e-04,-3.295917140036463641e-04,2.332694711021151852e-03,1.681914922779463801e-03,2.766870073378911287e-03,9.796944112054331230e-04,6.445654211132533645e-03,-6.111752270606952671e-04,7.733703700859520134e-04,2.404018054095073426e-03,2.917542130150701379e-03,1.906690617978536346e-03,1.313773550273452089e-03,-1.089338670041267287e-03,-4.565533123868989593e-04,-1.559657392420845268e-04,-8.847905490439924442e-04,-2.603113059523399775e-01
-1.615868127538114957e-02,3.183885369432939115e-03,2.126346822728369390e-01,1.229701201774503760e-01,-2.754429378984931537e-02,1.158490955726943494e-01,-5.902604888451981613e-02,1.709276434678908829e-01,5.091422266096634619e-01,-3.458037460808070507e-01,-2.585442501438772744e-01,6.058616987155016065e-02,2.795146862354590533e-01,2.779234819522250627e-03,-2.546627866460312584e-01,1.779756217318365736e-03,-3.438428140103851338e-01,-3.923245883800788314e-02,-2.736942054255597431e-02,-1.990717117677738568e-02,1.016573655991919872e-01,2.126984295101781719e-02,4.057705758708595595e-02,1.194756810816828378e-02,-3.136219852793308838e-01,-1.765971679770906438e-02,3.864630628055196583e-04,-3.141060528166934179e-02,-4.020782118199401310e-03,-9.942449961892887295e-03,1.055015705738226138e-02,3.856847682055993334e-03,-8.826870988483888347e-02,-2.068463046219760210e-03,-4.509998403538600410e-03,-8.767228178005759612e-03,-1.139241253979983090e-02,-1.364968403820751228e-02,8.646873204108722344e-03,4.948066987165159608e-03,-1.410397573916841868e-02,-1.139569802098189255e-02,-1.239209253345011259e-02,-1.020953110708877273e-02,-9.353922008848273434e-03,-6.803251848376016750e-03,-3.363370755222063781e-03,-2.722934197760542956e-03,-1.889952903521853987e-03,9.136426700674899837e-04,-2.403344049357955259e-01
-1.376012816639660477e-02,8.433651768585710695e-02,2.456003883436929658e-01,2.096344713740672105e-01,-2.577919839118226752e-01,4.318479096909608878e-02,-2.080302924492571093e-01,1.742021597770253005e-01,-2.010752171763475760e-01,7.223230754523685127e-01,-1.219320676417958438e-01,1.141529715523449534e-01,-6.063505854429660641e-02,4.311019323755665988e-02,-2.530191296233292864e-01,1.044553163930737882e-02,-1.096856868317475642e-01,1.446932358290152834e-02,-8.605251039478324648e-03,-1.861556087290822678e-03,-4.845151792448636890e-02,-6.494366451891843937e-03,-1.877732842053932844e-02,-1.153580078218325797e-02,-1.449319469507834857e-01,8.805086404524813115e-03,-5.777091194201540089e-03,1.374512793114097617e-02,-1.796202456183136620e-03,1.938107741485385789e-03,-6.615975853570734561e-04,-2.539176011852377563e-05,-5.914070584919304402e-02,6.272122533181144720e-06,1.055830616471924594e-04,4.404211044944227889e-05,9.465375161724897410e-04,-1.710922214578320961e-03,-3.019457600469690594e-03,-1.843999367802202569e-04,2.432145365219117242e-03,-1.803402813761709883e-03,-1.313382369856672290e-03,1.380594394604489617e-04,1.377728593318403028e-03,2.261783413434538840e-04,-7.561915239198875333e-04,-4.487597428357895069e-05,-8.653213783090148159e-06,9.299304084767205832e-04,-2.161330245688876661e-01
-3.798104046388990802e-03,1.145235267052546885e-01,1.899856675993187027e-01,1.927354302827032351e-01,-2.246067305213308163e-01,-2.456946809302130649e-02,-2.016012257320955736e-01,1.756742721864325285e-01,1.976377033113262821e-02,-3.110402505662499539e-01,8.112678891318388097e-02,-5.372243983380594612e-01,-3.562481416074489426e-01,4.905855801097822044e-02,-2.252970375640374889e-01,-1.178442159607902689e-01,2.300832933506425371e-01,7.338932022587646431e-02,1.302413892817783636e-01,6.942225114640247774e-02,-1.682150070136680664e-01,-2.099738956262582959e-02,-2.880113420338257374e-02,-8.829913273414752642e-03,2.299172716287283535e-01,7.924794965501167493e-03,2.811397709823384842e-04,2.733432072005683930e-02,2.428413803771429721e-02,1.592927417782242713e-02,-1.036206758967980063e-02,-5.151208853942339586e-03,-3.703837798310941065e-02,2.539974060573847118e-03,5.919432154962802652e-03,9.004433928547304206e-03,1.174850797457296925e-02,2.017932291358096736e-02,-1.327037581388827367e-02,-1.552523954416513627e-02,1.606597040709731999e-02,1.725151669558005335e-02,1.885381057283978118e-02,1.127074282719669335e-02,9.119312980023632637e-03,7.604342998481053092e-03,6.516638936591549920e-03,4.130304641965634738e-03,2.852517184910037095e-03,3.867469533565693479e-05,-1.915047797287700582e-01
6.265986764279194918e-03,9.625033648701500355e-02,8.706687118850774121e-02,1.098721127984755852e-01,5.315589092353927708e-02,-8.625181046716030864e-02,-6.559196320772306410e-02,1.760889972015157179e-01,-1.751237238657523884e-02,-2.291097946471877256e-01,2.208535726835640089e-01,7.352190840188802534e-01,7.924248612918712367e-03,3.276048692626652367e-03,-1.811819433618865605e-01,4.376381136767998337e-02,3.128942100298501838e-01,-4.872792178347528508e-02,-4.122295040246828218e-02,-1.983827294403917724e-02,-2.440073529807066932e-01,4.219281870297866832e-03,9.530383961025215914e-03,4.445001346126113521e-03,2.396618402751842236e-01,-5.716543172642818589e-03,1.870001475984920140e-03,-9.834015693461936949e-03,-6.919353387846911320e-03,-3.762268258923204094e-03,-4.112914139692676330e-03,-1.140701958720891779e-03,-2.279936229378878854e-02,6.449758034370766313e-04,1.378105887471351527e-03,3.843877912779647323e-03,4.290401416905518898e-03,-4.990269727452952860e-06,2.602081447062024998e-03,3.287923003182805469e-03,1.275521094729360587e-03,1.875968921054403313e-03,-9.108649182090903032e-04,3.631212640667666469e-03,2.830048926906325937e-03,2.943384625248532914e-03,1.188701970094220789e-03,8.836538921313557464e-04,3.388279828110568083e-04,-1.305757699475017459e-03,-1.680199866358463578e-01
1.279169737271670070e-02,4.933726855275068213e-02,-2.506951627100590871e-02,3.296017649827573739e-03,2.961917627429083155e-01,-1.398922709966183564e-01,1.011597960927065332e-01,1.758557244865237013e-01,9.491735561901394613e-02,1.991653903385210145e-01,2.596074509512034667e-01,-3.507102068311981347e-01,4.015142051602654805e-01,-4.143858598169151142e-01,-1.282402940693274929e-01,2.845447855978007201e-01,1.719802974815120566e-01,-6.665029461684293666e-02,-1.788368466565994352e-01,-8.030261475864242104e-02,-2.737031450686228107e-01,2.864872922922629545e-02,3.752286810828236313e-02,9.873476691568228852e-03,-1.612311661804779334e-02,-1.981248748529448531e-02,-3.017166563810861225e-03,-5.165344245599550604e-02,-3.480297006552172945e-02,-2.301450479868407187e-02,1.119643086627836355e-02,4.370580349621502533e-03,-1.433204395322987441e-02,-2.136597834957720213e-03,-5.129424222618167439e-03,-9.301162039061896050e-03,-1.295672137509236085e-02,-1.518616275931882788e-02,2.111616741644180978e-02,2.229852180422320362e-02,-1.276108916320378706e-02,-1.277026685945558369e-02,-1.410271063527495858e-02,-1.297017495460721197e-02,-1.033942984732049049e-02,-9.413286906384646033e-03,-5.721188815699298352e-03,-3.520866326447491534e-03,-2.344838861852310136e-03,-1.067969415167246061e-03,-1.462343173697253085e-01
1.373324666248008745e-02,-3.855693857721799716e-03,-1.137958959534535464e-01,-8.847307149746973243e-02,2.335359909271078616e-01,-1.834951446083450954e-01,1.989870635635149765e-01,1.752442983846766167e-01,-9.123291468691746564e-02,3.157411464584353872e-02,1.943119427307364033e-01,-1.021756413667668367e-01,1.381398193224138427e-01,7.246790898415060855e-01,-7.291002728531185972e-02,-2.515532169962099718e-01,-5.752953951458413678e-02,7.024916458117813622e-03,5.074272033921845004e-02,-8.409807363290900881e-03,-2.597442185006080262e-01,1.756470287820612389e-03,9.037021379599472631e-03,1.402055715467795220e-02,-2.424881353891239488e-01,4.639756984698606597e-03,4.285859304441211326e-03,2.202258117136132037e-02,8.877758292579153096e-03,3.291122759721733931e-03,8.407208223984542067e-03,4.415674486647883958e-03,-8.880469871502752119e-03,-2.305784784290603340e-03,-5.147307540282378135e-03,-8.754395083604557190e-03,-8.616417112969301795e-03,-9.302619880786868606e-03,-2.451363507098075142e-03,-2.500747868533617635e-03,-1.293543136879266205e-02,-1.266969913313365469e-02,-8.141501489499410396e-03,-6.887840618958107099e-03,-7.142050045824696949e-03,-4.764120071334430710e-03,-5.195064142466226421e-03,-4.105700244981727066e-03,-2.336273279909507287e-03,2.360166873326898125e-04,-1.263558828965587189e-01
9.635863151195920087e-03,-4.867110016276172957e-02,-1.658120414614264737e-01,-1.476002478783122462e-01,6.730312740582484674e-04,-2.158258802246406372e-01,2.034149196356202227e-01,1.743054226336812895e-01,-6.487541582600467316e-03,-1.058470862041486181e-02,6.852972895789181951e-02,1.223077955246288789e-01,-2.936514676141712132e-01,-5.114024275442020651e-01,-1.930205837712328787e-02,-4.112196670659595821e-01,-2.352967911511773258e-01,1.243984862536032659e-01,2.376780242777955243e-01,1.223876275244585587e-01,-2.116575985632684620e-01,-3.319391934542678668e-02,-4.899751423815310036e-02,-9.881330206829854260e-03,-2.733093614934341553e-01,7.838168948194579322e-02,9.817531508277599697e-03,7.070054257058765168e-02,4.779451458395217456e-02,2.836333841365610078e-02,-6.428689908820154350e-04,-3.581282614877564531e-04,-4.050605565609910995e-03,-8.121950068966624729e-06,4.331891042730646318e-04,2.051158334927757811e-03,4.204913157233226991e-04,1.476108014388201849e-03,-2.447607718431087792e-02,-2.766391688190859149e-02,1.569740758909811754e-03,1.796076195524217659e-03,2.123203149575749512e-03,2.415480799001017923e-03,3.087615249210544713e-03,1.280622603542429499e-03,1.865968718900759202e-03,1.102231315173867214e-03,3.832266869556216933e-04,1.868030872641959252e-03,-1.082253069360251257e-01
2.122051415827662466e-03,-7.489327531396829107e-02,-1.760571550722128120e-01,-1.654708134235377548e-01,-1.944315185803046908e-01,-2.360722993594871477e-01,1.195904378124593576e-01,1.730353641975791723e-01,3.134032414790473287e-02,-6.698185518914187564e-02,-6.596009603115282616e-02,3.182960251294427584e-02,-2.968842758904668422e-01,1.364941080921447392e-01,2.932907057740630902e-02,7.270360817947508769e-01,-2.539719021506475216e-01,1.730799225957461718e-01,1.344495465305912095e-03,3.979024777002970054e-02,-1.410004234607156737e-01,-2.070575880093832380e-02,-4.254577573664319878e-02,-7.538603480612697527e-02,-7.661723474957335238e-03,-1.200158042530509866e-01,8.841100053003181011e-03,-4.323015598936443687e-02,-9.529079869701199274e-03,3.669246760181175959e-03,-1.336393702680032519e-02,-5.608470150996362931e-03,2.146604990307802649e-03,3.135107466986972787e-03,6.698563277165146997e-03,1.131090066380585103e-02,1.422224513053907402e-02,1.712768152671322042e-02,-4.765819943934847952e-03,-7.185365227182462927e-03,1.933166881779359997e-02,1.864387336169930423e-02,1.603917423549215335e-02,1.246217891894747798e-02,1.128721215215611542e-02,1.053052314346504016e-02,7.503353774658857826e-03,5.189615112689065397e-03,3.596993995036612286e-03,1.764673038649107158e-03,-9.158996087154161470e-02
-5.673748687447484514e-03,-8.233641155506604692e-02,-1.528834822912533420e-01,-1.490967421088973399e-01,-2.575669803887433162e-01,-2.443625468223880326e-01,-6.587944887395466229e-03,1.714333754377041497e-01,1.771156434090067483e-02,9.676985097379563541e-03,-1.750268201972211279e-01,-4.466187964055726156e-02,-1.733031247638789837e-02,2.258710160543399900e-03,7.092440021475260314e-02,-1.724937188806318911e-01,-1.505964054746302405e-01,-7.211560365352401858e-01,-2.730945750626478929e-01,-1.036893459751156293e-01,-5.984687945607503751e-02,2.041433620860264031e-02,3.002482591640949841e-02,4.638354251025762071e-02,2.691937323136494031e-01,5.376450590993522849e-02,-5.038505578382972139e-02,-2.539803898364969767e-02,-3.287987057303608240e-02,-1.876031978876606734e-02,-1.371706022552613216e-02,-7.288250835705367345e-03,1.042942548805125304e-02,3.776675616728588075e-03,8.236361034825435273e-03,1.141247390917738379e-02,1.674980037804983321e-02,1.725658591881786344e-02,1.663785294392116851e-02,2.544629717552093426e-02,1.597118088667856192e-02,1.516608809477388957e-02,1.453909360031802218e-02,1.092090629751909375e-02,8.399341772205906262e-03,6.744804783249932871e-03,5.813620359967902954e-03,4.880750239063213342e-03,3.051403066607836275e-03,2.526153914287547313e-04,-7.620545984591328703e-02
-1.077316555314811186e-02,-7.378698201017731828e-02,-1.080570614038800920e-01,-1.096586212739517063e-01,-1.580482807925640554e-01,-2.412039125799458339e-01,-1.224759126272273735e-01,1.695058304713149278e-01,9.201697533578748894e-03,1.223126372992377510e-02,-2.331568140633597797e-01,-5.305869348354706359e-04,2.424441257038819630e-01,-1.672887305886388339e-03,1.039076949474654760e-01,-2.493366789753926893e-01,1.578658946290056007e-03,6.350695867174188658e-01,-3.410856601319321446e-01,-1.355671740201541964e-01,2.032849418499691613e-02,5.546109272683159841e-02,9.812501991488603581e-02,1.265254938219042835e-01,2.795270900307013084e-01,1.073506635152697217e-02,-9.785863979082546488e-03,-4.446329357454723019e-02,-3.954926520501868964e-02,-3.860998563969399167e-02,-8.319669973175253946e-04,-1.263772815486353821e-03,2.111176846694069048e-02,3.866217391525117366e-04,1.423939846911234869e-03,5.946669254409922729e-04,1.718208319823091553e-03,6.318362725031751760e-03,3.431797670905302466e-02,3.436914374974727598e-02,1.135704622244698356e-02,1.062159263467231385e-02,4.813502745249379454e-03,3.912735472629958258e-03,1.237165530076937345e-03,-1.315822602167947145e-03,-9.857641269991278786e-04,-2.956719357747894256e-04,2.222735767308716553e-04,-1.733859953015788819e-03,-6.184077727804199176e-02
-1.218732814829193330e-02,-5.365993990602192093e-02,-5.296963486053973824e-02,-5.855874985440465835e-02,7.793755774260189249e-03,-2.276640308542581814e-01,-1.911153325343611376e-01,1.672882815774887344e-01,-4.513722280628217065e-02,2.893647662538846935e-02,-2.324897669966123626e-01,-2.913664883584996782e-04,2.873086112056935093e-01,-9.936740044700617669e-03,1.274697453364952437e-01,8.614658268505706595e-02,1.314159947198991207e-01,-7.139363490681366331e-02,7.731966905419710434e-01,-1.790669883975314625e-01,9.113167226699367407e-02,6.215271746860339536e-02,1.438269975764078501e-01,-1.108548394376708199e-02,1.126413070906572417e-01,-2.190698818869273642e-03,2.334804966415179178e-02,5.371328385452053128e-02,3.502780766375854921e-02,6.263655759997942968e-03,1.480812129524546050e-02,7.814898529933438087e-03,3.419133200709593284e-02,-4.008706597537882790e-03,-9.147599155438484314e-03,-1.298646531546088917e-02,-1.918521504861684518e-02,-2.576765592890940815e-02,-6.866689543833407600e-03,-8.963475042297851247e-03,-2.977609889302940127e-02,-2.897707794751873400e-02,-2.493240013105049030e-02,-2.029362566142536503e-02,-1.516898036509173667e-02,-1.038031863261065259e-02,-8.531017753512122603e-03,-6.824401306405083502e-03,-4.948744401893886806e-03,-3.204543576093119191e-03,-4.830503463335194397e-02
-9.821381490612431445e-03,-2.705520556253900380e-02,1.695313694826707830e-03,-6.620643358473239648e-03,1.297139111916508769e-01,-2.051352403757986942e-01,-1.905244969429760737e-01,1.648309872171801194e-01,-1.990483090481148798e-02,4.011593237513515729e-03,-1.757768241212597782e-01,1.692721238871100096e-03,1.109386268213750915e-01,1.735912200715992657e-02,1.412516414890242766e-01,1.406653734734466046e-02,1.858392381752490552e-01,-5.851159144262972622e-02,-1.050592678195315655e-01,8.132696344326234561e-01,1.458667267849982907e-01,4.639159718598425547e-02,-2.094182377944336926e-01,-1.077289074299521560e-01,-6.673061005879668550e-02,-2.788803555336901926e-02,3.544758732335059892e-02,1.553153335370415725e-03,9.596162000390606045e-03,3.638969493477265532e-02,2.358536664353453813e-02,1.108172999738477743e-02,4.952123280922381132e-02,-5.551652726409350008e-03,-1.275835722227960760e-02,-1.960952031233895512e-02,-2.856764715285541045e-02,-3.671945668500243426e-02,-3.574147869384548121e-02,-3.592482473028037887e-02,-4.152652100961646414e-02,-3.966518447547846826e-02,-3.258911517779208150e-02,-2.434233020209710177e-02,-2.024910693057172667e-02,-1.446638651938077225e-02,-1.056031055199420365e-02,-7.805461720647876092e-03,-5.254097451359253899e-03,-2.549739510879092154e-03,-3.545115919183886022e-02
-5.521818375935476711e-03,-2.967896221429999260e-04,4.782077637036121626e-02,3.796962118689465454e-02,1.828002852350923135e-01,-1.757424408899683210e-01,-1.425064346264593718e-01,1.622140157735112165e-01,3.871014500483564713e-02,-1.472230850993165932e-02,-9.094750711482681160e-02,7.237421913839783101e-04,-1.250756060384506929e-01,-7.035156531366864880e-04,1.459319569187642329e-01,2.385611682292186012e-03,1.762821024900244338e-01,-1.479250537596207664e-02,-1.327454152815077948e-01,-3.319248420602714522e-01,1.815724546847432563e-01,-7.121685895533450550e-01,-2.663111120095779105e-01,-1.200374469261556165e-01,-1.888279697845717253e-01,2.228976514479412419e-02,4.284932222124527429e-02,5.518730477830344205e-02,5.464299956927057972e-02,3.926702051259350207e-02,1.465226953729588041e-02,8.228763740611093336e-03,6.670588295997237349e-02,-4.307930815664078560e-03,-9.271010818209067875e-03,-1.277777649783594024e-02,-1.029737506994825476e-02,-1.006136803987012565e-02,-2.829035683695464709e-02,-3.722374503115580269e-02,-1.032825745596367001e-02,-8.742298197525921744e-03,-5.400826447706538573e-03,-2.998250417354560247e-03,-2.093166049435320891e-03,-5.815278871377152839e-03,-4.861089317442388209e-03,-4.620048864899918908e-03,-3.157196312055343939e-03,-6.220442436205223923e-04,-2.327233491580265462e-02
-1.228755161062109608e-03,2.111170421334112798e-02,7.952516987854627017e-02,6.924562998514943724e-02,1.707180686890184818e-01,-1.417433623864578218e-01,-7.661935253640991816e-02,1.595191779516571262e-01,2.201166335104951660e-02,-1.892772794082070789e-02,-7.762795677225451350e-03,1.597954782125905228e-03,-2.434326390910734328e-01,-4.218869953119541716e-03,1.426124393958580761e-01,6.106119246566710755e-03,1.295545817886035456e-01,-1.590329402216573984e-02,-1.376770221418944506e-01,-3.471618230203282751e-01,1.972615156981243900e-01,6.901590405845610121e-01,-2.721223528250056312e-01,-1.205655670702053817e-01,-2.121113183495167143e-01,2.406194982736046054e-02,4.334828549113682594e-02,6.030740378217766540e-02,5.870764048185615064e-02,4.234739365090828961e-02,6.084121053428986556e-03,2.867157743424149450e-03,8.518553913154840174e-02,-1.238511871970423900e-03,-3.221888750946946128e-03,-5.288638439978564885e-03,-1.178608398166567164e-02,-1.175815747777198689e-02,-3.090905540414821961e-02,-3.998768264677771828e-02,-1.223664635299668083e-02,-1.052963211999771720e-02,-6.945807309976316339e-03,-4.904411971236155750e-03,-3.858448440288777224e-03,-9.431231735762545280e-04,-1.156235938461462652e-03,-3.656397064134714065e-04,2.976334614806274217e-04,1.451755554226848762e-03,-1.178333459330726737e-02
2.484000817633444554e-03,3.630947385500359753e-02,9.744212049931111341e-02,8.764286187650213722e-02,1.137277828034560651e-01,-1.051531546490597491e-01,-6.739174894137106055e-03,1.568026547219438516e-01,-1.471266693086618893e-02,-3.148650243987653665e-03,6.410327744269639361e-02,7.805906123929289616e-04,-2.158034471773840057e-01,-5.039753999892403365e-03,1.330302922549383426e-01,2.205994558987490334e-02,6.314095816175099851e-02,-3.156178383273806898e-02,-1.405513372769202352e-01,6.578299575929200116e-02,1.960928061033524461e-01,-2.329351680402139829e-02,8.599187259381008142e-01,-1.114775314272644646e-01,-1.619197327584875612e-01,1.058786328218570133e-02,4.525663958884186544e-02,4.386079891797092789e-02,1.649698257286414532e-02,-3.446344118848983229e-03,-1.084871349881414565e-02,-5.507905424463646095e-03,1.039803105941927153e-01,2.833379164703354706e-03,5.887107752293195551e-03,9.638964737694696860e-03,1.426933937106802421e-02,1.471701708036646759e-02,-1.458186313352045904e-03,8.443398940485281196e-03,1.734392973711021066e-02,1.841530043178792042e-02,1.964676817993123159e-02,1.498531469576066394e-02,1.232980246294319154e-02,9.913505951504303707e-03,7.818084097255718554e-03,6.849491604403779715e-03,4.016202238593310873e-03,3.255355639780679097e-03,-9.343094685076142438e-04
5.397218488895337909e-03,4.566937763671287398e-02,1.039151242912158546e-01,9.527533347768236960e-02,3.601026182115567298e-02,-6.792398083994430347e-02,5.722056392534943803e-02,1.541138080204747796e-01,6.795965353841139714e-03,7.922460622121119470e-03,1.202149469610071103e-01,4.952214508968989272e-03,-8.569183131087659833e-02,3.250587036612247183e-03,1.190891960857693860e-01,7.795736244818933514e-02,-7.253056240792261911e-03,-3.741642095756384651e-02,6.087005889791262392e-02,6.066214455433586311e-02,1.823092763188561560e-01,-2.355220234031192572e-02,-6.930002634995938160e-02,8.947942056907032260e-01,-7.212668429887882093e-02,3.497298277448055662e-03,4.110109903161330430e-02,-7.699634439496519378e-02,-6.599504181916404644e-02,-5.203332652518156964e-02,-2.841203940653662732e-02,-1.314461816703671980e-02,1.219992245228365690e-01,6.930801508804059971e-03,1.543679783852142801e-02,2.474973637844126231e-02,3.448139399785669218e-02,4.297769392200704447e-02,4.764074609215164513e-02,5.646056000707469491e-02,5.199915476230262262e-02,5.208701136811759447e-02,4.639122525034360123e-02,2.814024951000058256e-02,2.248118167597797437e-02,1.776607507080702614e-02,1.344696251395001950e-02,1.039055318927284942e-02,7.347830212845785774e-03,4.889333294512470882e-03,9.342142089017469939e-03
7.300547947430076345e-03,4.955932735053895921e-02,1.012886801845449131e-01,9.425707271470137871e-02,-3.654616062053868408e-02,-3.200748056413527803e-02,1.055100154921084360e-01,1.515020014463616949e-01,-2.923919540578116122e-02,-2.739279007907280145e-03,1.561443514276570355e-01,3.495915440406066697e-03,4.203636366245301625e-02,-2.324581849056315055e-02,1.026929017751363332e-01,-9.176092887177886293e-02,-6.611236621345494002e-02,1.531317760315017984e-02,8.092432504766176871e-02,4.781523421082231780e-03,1.601558220193333437e-01,-1.859840678476683273e-02,-7.010597229322829138e-02,-1.707919460847840132e-01,2.221007398781610354e-02,-4.301984301942735067e-01,-7.132664224099669603e-01,-2.221773844894351368e-01,-1.372573121222444847e-01,-8.256147603828008219e-02,-4.072449633742696723e-02,-2.082026223772335746e-02,1.381514200799058567e-01,1.040832833599063950e-02,2.460257310418732107e-02,3.511928373195509490e-02,4.441582989817296351e-02,5.521993387403354575e-02,7.440861657658928707e-02,8.670799473591257744e-02,6.610454718992565815e-02,6.554514388775604938e-02,3.485891682444736128e-02,3.167833870824406789e-02,2.905623510110957528e-02,2.600290946776621231e-02,2.061453343560360266e-02,1.542296749095322522e-02,1.076637362556669489e-02,5.693247921458739411e-03,1.911353092009918098e-02
8.043120853246763999e-03,4.845274896589930880e-02,9.180557718327911343e-02,8.661536718190436523e-02,-8.305488585282498615e-02,9.441566051605883390e-04,1.305689599420275793e-01,1.490077434248809618e-01,1.276469368245469749e-02,-4.531307158886158613e-03,1.689305533004554494e-01,-4.498935026371536161e-04,8.371038034247212101e-02,3.585975137867741108e-02,8.550622505483572444e-02,6.205328509289811945e-02,-1.011652013923779181e-01,5.000147684373886653e-02,7.884088897234882432e-02,4.838874430379645070e-02,1.334232671732727138e-01,-1.891395328912258422e-02,-8.935011419347188566e-02,-2.169122089562802724e-01,7.735711553308263766e-02,7.827339014669296713e-01,-2.162927846814210672e-02,-2.463582509090322947e-01,-1.754031411105737848e-01,-1.063421648569628092e-01,-4.609480718006363220e-02,-2.296661530687022293e-02,1.515126287291107821e-01,1.173038802752782161e-02,2.702992907375010787e-02,3.968165948035003859e-02,5.459694395480733237e-02,6.754773556442666971e-02,9.230453705651443796e-02,1.099354334241671033e-01,7.954610181356557008e-02,4.670183304426009374e-02,4.165032078311591002e-02,3.791509982097981263e-02,3.033922281601231924e-02,2.337590774170084096e-02,2.019375450934541780e-02,1.532861837897991561e-02,1.101333951012524633e-02,5.574830306087841941e-03,2.844615786116781384e-02
7.798098116280704518e-03,4.333500897362940751e-02,7.721786340667664839e-02,7.398895854668326166e-02,-1.044118880208498024e-01,3.055030310082174766e-02,1.346907131281960268e-01,1.466356749174729523e-01,-1.576677379320472194e-02,1.456085205980420585e-02,1.619119467086342634e-01,-3.560642913194733087e-03,8.078977256084214631e-02,-2.098705725092389965e-02,6.818087827648813826e-02,-1.209192087465514737e-01,-1.137873953018083695e-01,-1.720832753707829052e-02,5.849664066446568639e-02,-7.201409130537604793e-03,1.039953258365066413e-01,-1.876765730620458261e-02,-8.151036255287305576e-02,-1.989208960855051445e-01,1.015035502496436370e-01,-4.165341763181510393e-01,6.883964876143643385e-01,-2.503419398645522209e-01,-1.542470688504961052e-01,-9.453338321869680927e-02,-4.427504754650083557e-02,-2.354376406411127012e-02,1.618626800674597410e-01,1.159405233135521289e-02,2.774774804225979205e-02,4.107771914537659136e-02,5.247818737781011905e-02,6.430518690303203833e-02,8.524400012849779606e-02,4.647692964204221816e-02,3.033788123154417676e-02,3.598841186606948489e-02,3.349918303894362098e-02,3.042488964496179241e-02,2.422628956700008038e-02,2.148429400278734080e-02,1.993820048473717715e-02,1.377677112684793682e-02,9.365582804347696855e-03,4.518055591885885777e-03,3.740183376319231034e-02
6.808073972437025424e-03,3.532107409482856258e-02,5.914061452536326091e-02,5.790655744150698114e-02,-1.052895729201690778e-01,5.676851561606426066e-02,1.228582971741743468e-01,1.443814095261587993e-01,2.979128637595322704e-02,-1.869277012422850860e-03,1.400843355087572351e-01,-2.083093743114992121e-03,1.347934406336678548e-01,3.806351800709237981e-03,5.110024918902204838e-02,3.772770358030988480e-02,-1.092451491449146356e-01,1.996966649472426900e-02,-2.112135226991138440e-02,4.089396379231841766e-02,7.325443804761072597e-02,-1.561446712016663005e-02,-7.203190519340951781e-02,-4.833774054936861714e-02,1.133651148131230163e-01,-2.041807825855181807e-02,-5.399898386977718297e-03,8.848612631181130839e-01,-1.452153611779374576e-01,-9.194556018852420576e-02,-4.165785131427314492e-02,-1.988775080926350261e-02,1.691668207820369030e-01,1.030474022902110737e-02,2.338091826849899441e-02,3.597185091231472343e-02,4.912896274182735473e-02,6.005842002135267088e-02,1.534361102004025770e-02,3.699793906224389806e-02,1.915635030295778640e-02,2.579203719806479750e-02,2.529461415034713404e-02,2.357673500051267121e-02,1.890317209870408591e-02,1.433487141561804942e-02,1.073846961501559276e-02,8.578172870030995392e-03,6.013782166079024299e-03,2.841114809940726953e-03,4.604118688278167199e-02
5.323623243868353012e-03,2.551742689286918414e-02,3.918935362011394252e-02,3.989724393075359810e-02,-9.259169219693041963e-02,7.955573789751288483e-02,1.001198840268504170e-01,1.422405693184007058e-01,-1.190133157032262010e-02,6.753653273070340732e-03,1.084801182679464848e-01,-1.923750733115464498e-03,1.141006571102392564e-01,2.757125771119208445e-03,3.464766026562866863e-02,1.548125449487057666e-02,-9.264247779162466945e-02,7.631866924229024213e-03,-2.413047869709271376e-02,3.090938519703727294e-02,4.258110249928725999e-02,-1.367762579730612792e-02,-2.795852197219417593e-02,-8.901154662495950123e-03,1.033889924862676224e-01,9.844115815963663460e-03,-1.186870461643988947e-02,-2.463970734595813741e-02,9.251636296955894068e-01,-6.675888273405052031e-02,-3.396101776848230863e-02,-1.628248070084380161e-02,1.733905143084860379e-01,8.186773582347412967e-03,1.910447141737113552e-02,2.934876132390529246e-02,3.981772735160590826e-02,-4.242063821923307276e-02,-1.259986089048346913e-02,4.841207137751725106e-03,-4.208971743646120964e-03,3.896479265981851996e-03,8.044957064587573287e-03,9.955833400855320162e-03,8.498371546901983126e-03,6.128666511107454598e-03,4.338727370742405214e-03,3.456139752690560920e-03,2.642613473464705195e-03,8.391146365978768059e-04,5.442484794396805492e-02
3.592562666885835282e-03,1.502787978867323355e-02,1.897818713115154501e-02,2.149005308522525248e-02,-7.102569564022265247e-02,9.886928350666492060e-02,7.150159510773726468e-02,1.402087670360438465e-01,2.099490937750470021e-03,4.340153727220332804e-03,7.213662248981785041e-02,-1.924239840432496280e-03,7.616097713063368913e-02,1.400855424286697685e-03,1.920651049622932802e-02,7.557884226698098184e-04,-6.915086014257815217e-02,1.399533679863748312e-02,-6.622079215715841356e-03,-8.831213195872194416e-03,1.335815425894188238e-02,-1.167737013644726957e-02,1.215451701194377766e-02,1.854233831828865087e-02,8.073514397163296386e-02,1.196803372691122684e-02,-1.568379735504790706e-02,-2.770661967008195350e-02,-5.292552984024249951e-02,9.333427421506009791e-01,-2.399788562997939162e-02,-1.143964267917154699e-02,1.744992413090077632e-01,5.681493751736634880e-03,1.355638921333571743e-02,2.089305996106835539e-02,-9.548501975012527176e-02,-6.740672340641347404e-02,-4.677972449833576324e-02,-8.244953107967659123e-02,-3.119112906332955487e-02,-2.711979498877807246e-02,-1.490577827493081917e-02,-8.612098421584113428e-03,-4.558894098803456703e-03,-3.622589941878368112e-03,-3.320598345657926886e-03,-2.079697776722437812e-03,-1.600739999805174960e-03,-1.256095737579030012e-03,6.261350307466639897e-02
1.861204975218612445e-03,4.963253672908576886e-03,1.223739963114148547e-04,4.214011010022371100e-03,-4.638199920582741775e-02,1.146663780549375955e-01,4.194056036619944056e-02,1.382816224165323293e-01,-4.459369169163064986e-03,-2.393580164193337932e-03,3.606040777424183302e-02,1.768302466631193996e-04,-2.729285635037706492e-02,1.275396757007582092e-03,5.160114563462128018e-03,6.616760858874305620e-04,-4.371452126008922023e-02,1.699916022054920057e-03,-3.386456561110688223e-03,-1.209512029083485360e-02,-1.303326813220130609e-02,-7.035403101315939114e-03,9.847144600852071605e-03,1.777712108742429686e-02,5.438132875989113574e-02,7.232399978870310796e-03,-1.935106117186925073e-02,-3.193402418413519850e-02,-5.751426410341602125e-02,-1.073374285985318199e-01,8.968878034821636813e-01,-6.841345490899319870e-03,1.724579446534783844e-01,3.388675111334941113e-03,8.052212824500182969e-03,-1.643824383681604939e-01,-1.348733595492388748e-01,-1.140648389261386397e-01,-1.123610423803186875e-01,-1.027228607532347238e-01,-8.304796112781101525e-02,-7.270216289841105461e-02,-5.814923322914663378e-02,-4.450502116819706616e-02,-3.201610107988185627e-02,-1.710741298902726873e-02,-1.053284719303709295e-02,-7.682357103583180996e-03,-5.325483998093342129e-03,-3.108383779035958725e-03,7.066774619470482521e-02
3.402536959643592189e-04,-3.742389314122047429e-03,-1.605044735687873037e-02,-1.067090689873301419e-02,-2.537677093515498111e-02,1.269337307615599486e-01,1.573706836717122734e-02,1.364547577024431690e-01,-4.360869839240377570e-04,-1.717477946585677703e-03,4.432633552596432214e-03,-1.516085360394238239e-03,-2.551318484355297178e-02,-7.529701148097243046e-05,-7.177654840934970422e-03,-1.060827750886893760e-03,-2.151542243584451605e-02,1.130085936061396871e-03,-5.241577562426134179e-03,-1.112534889794274118e-02,-3.545350884463475960e-02,-4.536091975492356071e-03,1.078109221402065269e-02,1.666389496072769733e-02,3.068683868111881166e-02,6.133173340460995777e-03,-1.875897204349348188e-02,-3.520798545066904095e-02,-6.082190987590196246e-02,-1.115109399779273952e-01,-2.103080194070426623e-01,8.188389039271044556e-01,1.672571970563046517e-01,1.157696558308871516e-03,-2.865577874456301521e-01,-1.846661381200525864e-01,-1.370452909517679840e-01,-1.156724256489206487e-01,-1.136421154772792874e-01,-1.039807478936232710e-01,-8.401105124614370590e-02,-7.349844335900720949e-02,-5.873461718037461393e-02,-4.766681187768760652e-02,-3.680873605492702288e-02,-2.913917638909499508e-02,-2.357967262591881621e-02,-1.526084622450583905e-02,-8.928396017972167059e-03,-4.897985931863373457e-03,7.863902146069405574e-02
-9.391927244449964395e-04,-1.096431028712087710e-02,-2.937016818003609572e-02,-2.300016535464203399e-02,-6.896984696108027224e-03,1.357839986876671623e-01,-6.348796251674906910e-03,1.347240292651473714e-01,-1.119201736678946367e-03,-1.847631393487948141e-03,-2.207178022290689004e-02,-1.174313153805537496e-03,-2.566960727664563055e-02,9.201164078240254565e-05,-1.779766682569374966e-02,2.072964820636680791e-05,-2.569497129995909016e-03,5.337851648265854853e-04,-5.540248704058794993e-03,-1.112155405446519502e-02,-5.380178431774484266e-02,-3.904996770490083181e-03,1.095477132741635995e-02,1.766520314645394357e-02,1.069363788340079932e-02,6.859047305322527738e-03,-1.913319068186599206e-02,-3.486592524426085360e-02,-6.151119158865227948e-02,-1.128882623456178014e-01,-2.131696011034194538e-01,-4.038791244010248027e-01,1.589973158501069850e-01,-7.070625020847477460e-01,-2.893023276294632851e-01,-1.863306285361565340e-01,-1.382554284968981473e-01,-1.167049788441425623e-01,-1.148050260926139071e-01,-1.050777100796179558e-01,-8.491556512960292402e-02,-7.433030515184144149e-02,-5.936231841577853385e-02,-4.819118069819528644e-02,-3.718867090162402550e-02,-3.021007375076993628e-02,-2.398180747698197210e-02,-1.706806679229478513e-02,-1.212055697481834518e-02,-6.369267136014704345e-03,8.654025098128201310e-02
-1.987863676478398341e-03,-1.677606283653266042e-02,-3.996316852982327583e-02,-3.288719174474347140e-02,8.344018360307759244e-03,1.413635171136210511e-01,-2.457995263123304019e-02,1.330853662387162795e-01,-1.136928857108572208e-03,-1.753447440181633539e-03,-4.368389296522715709e-02,-9.338692550733162416e-04,-2.519463892965221122e-02,1.721528417163635614e-04,-2.677428387666326917e-02,-8.690900972731631455e-05,1.316130334837646576e-02,4.674529946082372242e-04,-5.494461562257802779e-03,-1.107714684479575024e-02,-6.825523334821925747e-02,-3.803475362527839951e-03,1.102359122856829722e-02,1.779168109319965302e-02,-5.892934527366478457e-03,6.927383900840434865e-03,-1.896293244626485325e-02,-3.463699976073646852e-02,-6.113967915968958333e-02,-1.123293466801837670e-01,-2.125334298781522691e-01,-4.024437856746471698e-01,1.478092872644943823e-01,7.063308723720178595e-01,-2.875460431089366109e-01,-1.851499632076104296e-01,-1.374015534058201371e-01,-1.160523675356538165e-01,-1.143082395999330120e-01,-1.047020907346167679e-01,-8.464899601474679125e-02,-7.415444924406450200e-02,-5.920997372143006060e-02,-4.809540724162246483e-02,-3.710084139764790317e-02,-3.018930635216591704e-02,-2.397970962349195434e-02,-1.709865075968900264e-02,-1.215077937248109849e-02,-7.174917980920802324e-03,9.437430466464566403e-02
-2.817119983014537265e-03,-2.122752334010197944e-02,-4.795592802818207656e-02,-4.044524485808833475e-02,2.077653803185421783e-02,1.438186221046956204e-01,-3.903907311985197609e-02,1.315347027082499620e-01,-1.569772098333455622e-03,-1.852375200057117645e-03,-6.063573579342153297e-02,-8.024177555987146038e-04,-2.485344183699604928e-02,2.526078450542681140e-04,-3.418187140526313811e-02,6.074454814172613841e-04,2.574851953737273061e-02,-2.354520443470094443e-04,-5.694454948736577850e-03,-1.077252543359334853e-02,-7.899141375082360805e-02,-3.013367483833051183e-03,1.168231307600225283e-02,1.816221947091239963e-02,-1.926432667956763656e-02,7.380017603263517266e-03,-1.870931185022785270e-02,-3.336443873054460718e-02,-5.991707156423105307e-02,-1.103656807953550534e-01,-2.086872908625492240e-01,8.423122184733273718e-03,1.338241707784612877e-01,-4.377171239041876584e-03,8.632844678454744125e-01,-1.808412391116957785e-01,-1.341241592450826692e-01,-1.132636458892807563e-01,-1.116714994231932934e-01,-1.024819396579332575e-01,-8.271535764195515894e-02,-7.248717373729524072e-02,-5.786097037453789144e-02,-4.702084465830175947e-02,-3.723566965849826188e-02,-2.955819107951495120e-02,-2.523223314940176848e-02,-2.088599771460917381e-02,-1.484807295907178588e-02,-7.945927590362673876e-03,1.021440385912528448e-01
-3.437869147092973733e-03,-2.439785669417120911e-02,-5.347471796062826244e-02,-4.578770661983256468e-02,2.996500663749353255e-02,1.432956489112861276e-01,-4.998933356201716582e-02,1.300679721096673347e-01,1.240446674426772759e-03,-4.928357210146745672e-04,-7.316468798820056907e-02,-2.260346484355812719e-03,-2.229849904862072144e-02,1.676320627530621240e-03,-4.009480017079122133e-02,-1.203200029656855991e-04,3.533797705555655894e-02,-5.998662660459409260e-04,-6.757396225423363718e-03,-1.052807211980580533e-02,-8.618718331371176544e-02,-1.364276933075160092e-03,1.143332499141739081e-02,1.675475783475856989e-02,-2.958149594165616209e-02,7.376599202917800795e-03,-1.959204532818162314e-02,-3.325957056814320828e-02,-5.864023186158005829e-02,-1.072864181378468812e-01,7.784220187396422713e-03,1.032542495927826071e-02,1.171728899817179453e-01,-5.346325563483767321e-03,-1.290059378034247480e-02,9.073392628105710900e-01,-1.288698942337613007e-01,-1.084424053601362736e-01,-1.067770764659058957e-01,-9.799479404595590193e-02,-7.920455689623777384e-02,-6.941841680720713115e-02,-5.541256751024848520e-02,-4.562771161987816404e-02,-3.686411402608716359e-02,-3.669544158658708671e-02,-2.989967488966130404e-02,-2.325989969292159218e-02,-1.585792973178253712e-02,-8.563397198025969256e-03,1.098523232297579505e-01
-3.864103182861921594e-03,-2.634371215469404406e-02,-5.664462083410275878e-02,-4.902783616750821388e-02,3.657676386455119277e-02,1.399408450070505905e-01,-5.760045279304254473e-02,1.286811045865785263e-01,1.115731774456840252e-03,-7.298867703257137102e-04,-8.150387991110537300e-02,-2.068802028440584317e-03,-7.999577873610960385e-03,-1.737329002870735247e-03,-4.458743334605381331e-02,6.181451241576997038e-04,4.213228132042206447e-02,1.198221105710207263e-03,-4.756225803663303650e-03,-7.323441756472062053e-03,-9.002062634713225986e-02,7.363864000830602427e-03,1.031664203850060982e-02,1.419392427893155506e-02,-3.700181333133966549e-02,4.485651046625464995e-03,-1.910371247872616474e-02,-3.301224394111743066e-02,-5.653726913997366571e-02,3.098738254796122235e-02,2.499575347639247658e-02,1.169842741931518756e-02,9.798654292192712778e-02,-6.054897358174443286e-03,-1.462273078308181339e-02,-2.303634978982395040e-02,9.261559696123644603e-01,-9.651928245744509360e-02,-9.252766600923263696e-02,-9.014461269440289526e-02,-6.830131291171116781e-02,-5.986542680576226183e-02,-4.691674821713530397e-02,-4.422407476950401817e-02,-4.591861118181281287e-02,-4.102012960991403140e-02,-3.215392188500941495e-02,-2.395908592996894362e-02,-1.597283957537437918e-02,-8.821064830784035304e-03,1.175019989330060716e-01
-4.102751479496603848e-03,-2.714271808797545649e-02,-5.759374066494907241e-02,-5.027876184847607927e-02,4.064769329810883486e-02,1.339007960476845394e-01,-6.206932335547619278e-02,1.273700347752490802e-01,1.816768719171534680e-05,3.033585299875773619e-03,-8.588720330110849455e-02,5.211987619310309156e-03,5.772180123008552148e-03,-2.230623498375765724e-03,-4.773415243857317969e-02,4.530119022296503171e-03,4.647235063656106335e-02,-4.609182611299034692e-03,-5.080423480788749668e-03,1.921410813664838383e-04,-9.066838332251173083e-02,9.649078575721618117e-03,1.012471002304946889e-02,1.003111308032005218e-02,-4.146340652819336531e-02,3.421048759510767531e-03,-1.770216077476238770e-02,-3.107631558192866517e-02,3.690443169154704328e-02,2.057348139569375317e-02,2.680890442004249183e-02,1.255718186870536518e-02,7.639615604929270165e-02,-6.492797855832377861e-03,-1.574828804989391109e-02,-2.514703524980996946e-02,-3.545206253102028970e-02,9.352424364426766834e-01,-7.780939026159403027e-02,-7.442216801175015328e-02,-5.722318659532920487e-02,-4.955110077348420100e-02,-5.212176242461601106e-02,-5.527135752981361672e-02,-5.066608473001297380e-02,-4.084548178925351269e-02,-3.200909193595712771e-02,-2.392354851783850753e-02,-1.583333507474361454e-02,-8.818982164143344266e-03,1.250959344405859208e-01
-4.167231362305276465e-03,-2.685798480406062505e-02,-5.644625877544483250e-02,-4.965444991275167613e-02,4.192902050067320863e-02,1.253216009632810435e-01,-6.360592546198681752e-02,1.261307063057354461e-01,-1.703192208942873494e-03,-3.936044629681505376e-03,-8.654759159054380147e-02,1.609842111527105260e-03,-7.692821114843677310e-02,7.071016307969612332e-04,-4.960932075873648872e-02,5.398966546688135568e-03,4.829320435215362500e-02,-9.093284443771691358e-03,-3.702279768985859091e-03,5.154949353102556558e-03,-8.830785398810567233e-02,3.625933509787250195e-03,5.744958480987376326e-03,4.224729939943052195e-03,-4.474363100864290482e-02,8.378813225776721033e-04,-1.566577241071578225e-02,3.406412935574299611e-02,2.262969784787358801e-02,1.319930174179001145e-02,2.735605168844666354e-02,1.283757754190354566e-02,5.253268487227440164e-02,-6.634057893714452765e-03,-1.618957020144178027e-02,-2.587359913254215146e-02,-3.645051653504484401e-02,-4.755088482355712687e-02,9.319097232703857925e-01,-5.956359871867749484e-02,-8.619556624172478032e-02,-7.862216061143618984e-02,-7.099697217980838193e-02,-5.997915998043664570e-02,-4.924284195996442987e-02,-3.933068155794722937e-02,-3.081331097205747965e-02,-2.307299821677979632e-02,-1.579159130032717698e-02,-8.514114757627871607e-03,1.326370036790016638e-01
-4.068746950993795686e-03,-2.556384405595751516e-02,-5.333058858326370638e-02,-4.726730681667797029e-02,4.391164446122283044e-02,1.143496641086945986e-01,-6.235521830700842261e-02,1.249590386211085341e-01,6.903067193611937824e-03,-4.400888562400539702e-03,-8.373152350574215863e-02,1.233359022535180597e-03,-7.813706232178285749e-02,-3.706167727337949646e-04,-5.028730296319935261e-02,-4.549869856935437654e-04,4.822631413655497495e-02,-2.942569750051382462e-03,1.783038314770453870e-03,-2.566859410749508085e-03,-8.311645118469658533e-02,3.740109293632842141e-03,-6.219461029331681094e-03,-6.539692100242104275e-03,-4.507730575459887451e-02,-2.378222415052156855e-02,2.157217270559605438e-02,1.519766723423154019e-02,1.202014102759409175e-02,5.615295421398608378e-02,2.697335149881562727e-02,1.275066806540899912e-02,2.652719045173419082e-02,-6.634580001111942300e-03,-1.601284154246634603e-02,-2.569080060422463882e-02,-3.631225874711695861e-02,-4.732798509906031847e-02,-7.247557639849813715e-02,9.331244244580100267e-01,-8.558701260561933644e-02,-8.024160077371167432e-02,-6.675468689082296458e-02,-5.587080410410305564e-02,-4.603577917364720662e-02,-3.664364057031534172e-02,-2.854519092307692199e-02,-2.151931779283767360e-02,-1.491066763600171555e-02,-8.034481724350636331e-03,1.401280563776234611e-01
-3.819330987234462703e-03,-2.330486181474007365e-02,-4.836910735897612112e-02,-4.323072927151593026e-02,4.027851695680435135e-02,1.011313327279248497e-01,-5.853424144068191531e-02,1.238509637446025408e-01,-2.250786013453680290e-03,-3.269331130511967439e-03,-7.764063275459814895e-02,1.723233058431342677e-03,7.443375835139647012e-03,-2.911288556193721011e-04,-4.984248003486370371e-02,-1.011686688057427796e-03,4.549471149951661575e-02,-1.039529741271089276e-02,8.548036772480614590e-04,5.251398431620180572e-03,-7.527143860219709381e-02,1.040283151840517249e-02,1.511950384312314146e-03,-6.873823715924987955e-03,-4.222485604415116694e-02,-1.899993416112673306e-02,1.893403818730242730e-02,1.498333561393413310e-02,1.112108572274801352e-02,7.663125946161038204e-03,2.610616816888123096e-02,1.225849645983324680e-02,-1.489330562399690267e-03,-6.419171917563444921e-03,-1.570768601493640476e-02,-2.523482561231555135e-02,-3.573129309088646233e-02,-4.658228905191008629e-02,-2.115315884823769713e-02,-2.131751216279552039e-02,9.508654222616591545e-01,-5.105649731156619575e-02,-6.022376162223126023e-02,-5.106669433807003305e-02,-4.213825742007847736e-02,-3.357066475799330013e-02,-2.619227472348982164e-02,-1.979281011424579087e-02,-1.363854723287369515e-02,-7.369338989716584312e-03,1.475719218880261197e-01
-3.429451748730952265e-03,-2.016925370237301895e-02,-4.169201430267528014e-02,-3.765882196603098642e-02,3.641858920381223219e-02,8.581293575131671014e-02,-5.233032659974952427e-02,1.228024275583429886e-01,-1.797051558650075882e-03,2.321801585603290759e-03,-6.854090298254726654e-02,2.372200815747022972e-03,9.955866295968073681e-03,1.415554137946331732e-03,-4.834920195127628828e-02,1.259991603840130260e-03,4.123762575192296137e-02,-8.256949965014097684e-03,3.904712006944982203e-03,6.837617913724205500e-03,-6.495010852449398242e-02,9.916576844486546527e-03,-1.169938122345181870e-03,-1.345707418780745131e-02,-3.829393540537237572e-02,8.469144472540764829e-03,1.533237810541689984e-02,4.761332750119980084e-03,3.400354493046860681e-03,7.891575455055397509e-03,2.411507049916868442e-02,1.137472128904350351e-02,-3.138584712849318975e-02,-6.008401915395943961e-03,-1.478051941201440588e-02,-2.387207570688260061e-02,-3.382754433561984547e-02,-4.416993595940137129e-02,-1.821362035107231686e-02,-1.689833320081424520e-02,-4.016766176051542875e-02,9.564356532312807690e-01,-5.271177581842291515e-02,-4.419127804520698449e-02,-3.662021971539961701e-02,-2.922653644558631872e-02,-2.279848409211535434e-02,-1.730669560703966200e-02,-1.198979446285714651e-02,-6.500770692004777598e-03,1.549715169351330579e-01
-2.910633829711466343e-03,-1.621752241613762940e-02,-3.342603093302771999e-02,-3.066483028832212021e-02,3.164805672344465221e-02,6.854080690298181011e-02,-4.391225713632140176e-02,1.218093580863265774e-01,9.864556773382699047e-04,2.852298387731565243e-03,-5.665581178467913454e-02,5.689143175977154528e-03,1.529450450061039905e-02,-2.322637005765263059e-03,-4.588186564831681080e-02,3.203405935773377938e-04,3.499460382599844932e-02,-3.805124926057954719e-03,4.121832041137248742e-03,5.178510987947631573e-03,-5.232974184880620494e-02,9.294305373115426677e-03,-3.275507788827173705e-03,-1.509156084695108084e-02,-3.235405614319020184e-02,-2.737965777892384378e-03,-3.281422480598923056e-03,-1.748967884116747404e-03,-7.007383570832996815e-04,9.162319905639192911e-04,2.149367716304326908e-02,1.022227390726099423e-02,-6.303134788269224020e-02,-5.477451484835301615e-03,-1.353458534572496604e-02,-2.198519270568404654e-02,-3.130268968403567692e-02,-2.741455702921439044e-02,-1.080382646968494793e-02,-1.622655327065605779e-02,-2.088174097390714523e-02,-2.656390530372245568e-02,9.622599377053990821e-01,-3.497165504564996030e-02,-3.016398507849597788e-02,-2.408566851469822259e-02,-1.887434283275878782e-02,-1.443369297178332192e-02,-1.009780233211914589e-02,-5.510861697899867816e-03,1.623296593593430981e-01
-2.305282085350985038e-03,-1.151607081320797470e-02,-2.369347792964340838e-02,-2.236133396342407029e-02,2.495228604470656891e-02,4.946128527574936151e-02,-3.351606850221710426e-02,1.208676925157272652e-01,2.832429394905423923e-03,2.253746213101192122e-03,-4.221923398761918966e-02,-1.478278509092715437e-03,9.702262643146667559e-03,-1.566542299675413585e-03,-4.251481880737954105e-02,1.288965811195707384e-03,2.713497442727777834e-02,-3.501619428551871593e-03,3.973331918489483340e-03,3.627119744585319012e-03,-3.758761849998219079e-02,7.674338249683056515e-03,-4.463205184161287060e-04,-1.031490611305428077e-03,-2.533082793286485501e-02,-2.462410337220769484e-03,-2.226620907445761230e-03,-2.361030781345289323e-03,-1.429144779219263580e-03,-7.182721273449297911e-04,1.559030050458059917e-02,8.696788217699221932e-03,-9.629481212331270079e-02,-4.756390061388186298e-03,-1.186170918889454390e-02,-1.837883423344751493e-02,-2.121344030671091715e-02,-1.258993772943016974e-02,-1.185314246804255144e-02,-1.835463016947006323e-02,-2.230291627312949027e-02,-2.926975733634306145e-02,-3.710673870730053087e-02,9.640507906481762257e-01,-2.314756134444046626e-02,-1.860753458098722557e-02,-1.454769305834777496e-02,-1.129539235649281229e-02,-7.794307844487640725e-03,-4.268911511172220237e-03,1.696492401111540371e-01
-1.528971152192868397e-03,-6.131821005110325330e-03,-1.262204955334463724e-02,-1.286348847098181016e-02,1.668217035742412119e-02,2.872063724349321889e-02,-2.130988559456358303e-02,1.199733535793203604e-01,2.177775212257240280e-03,2.142231116994518648e-04,-2.546732932734990795e-02,-1.641010939752573540e-03,1.070950922678652606e-02,3.071341269204418524e-04,-3.832243669246496870e-02,-2.070687810537484011e-04,1.761728944133460900e-02,-1.749209249758686873e-03,1.002678205247610694e-03,3.072602451022940148e-03,-2.090108439517891076e-02,5.824083945843993269e-03,-4.433771428111254000e-04,3.536607595951487691e-04,-1.672186305682997129e-02,-7.564050955544261397e-05,9.607321469630330547e-04,-1.093704621776558439e-03,-5.594925590019109250e-04,-9.906347705298714640e-04,9.818837512964093475e-03,6.908121436484280717e-03,-1.310452307916799564e-01,-3.916704720016500434e-03,-9.049865356275459474e-03,-1.377244624364699736e-02,-7.325718567626557029e-03,-6.533305495278425579e-03,-1.325566088211989173e-02,-2.018881234323373353e-02,-2.467702530449964599e-02,-3.224084173841204604e-02,-3.946016417012671723e-02,-4.924521765368124193e-02,9.616762343375011568e-01,-1.194843556259653390e-02,-9.489630707163094342e-03,-7.533200544831372171e-03,-5.286071411318605737e-03,-2.946244951554051472e-03,1.769331041552908435e-01
-6.910554246451370772e-04,-1.323878981428176912e-04,-3.387252781512013517e-04,-2.280569845304155317e-03,7.227828450142909436e-03,6.465355861588510493e-03,-7.482732698622198905e-03,1.191222800954813005e-01,1.409608334856826857e-03,1.436670602422318111e-03,-6.626861364094212628e-03,-1.912819288445901560e-03,9.877821272225853141e-03,-1.448250160483183918e-03,-3.337904545991726701e-02,-1.443839098886208179e-03,7.097520595913273979e-03,1.063700854344663263e-03,-1.612160761384171491e-03,2.435774169274963546e-04,-2.447347533138591758e-03,-1.059526268975684044e-03,-7.102894917718797444e-04,1.577117516391774669e-03,-6.979714314585437271e-03,3.402786875557499424e-03,1.246596356396016637e-03,1.048212719174026076e-03,9.614622635293254820e-04,-2.782532093742112267e-04,-1.284692041661582209e-03,4.201090664154721009e-03,-1.671515582335114658e-01,-2.895838118024106952e-03,-7.331609398627296319e-03,-3.108685888648484146e-03,-2.605658128341547305e-03,-7.607728808763388959e-03,-1.578709300874977378e-02,-2.340002592038319812e-02,-2.801741896001848364e-02,-3.627014064011390565e-02,-4.409406586797428446e-02,-5.501674156463888521e-02,-6.968248678795019302e-02,9.536668244409676198e-01,-3.882471358980057671e-03,-3.338894097578527526e-03,-2.490344549329300168e-03,-1.474446121995243251e-03,1.841841152328720366e-01
2.301611543216899424e-04,6.414726860876633803e-03,1.303131245557025662e-02,9.270530961402527817e-03,-3.019116191482206033e-03,-1.715827859342938452e-02,7.771025402209743790e-03,1.183104102732345092e-01,-2.438628962314887908e-03,1.034611205875224588e-03,1.406004196050475268e-02,-2.329626770613734343e-04,7.977334187640924487e-03,1.037922588045803391e-03,-2.775914975456214920e-02,-4.540348716780529502e-04,-4.497589605944928536e-03,2.250142846976420537e-03,-1.010328598574050576e-03,-1.065397085898311513e-03,1.759621939802831492e-02,-2.359147308221979430e-03,-8.004280998095650735e-04,2.560150856311290725e-03,3.827651752325962435e-03,2.744064504975551010e-03,-7.000817056919300977e-04,3.011027373428018863e-03,2.472175381833577410e-03,6.896908978431402944e-04,-5.845818269413805522e-03,2.422848438275527864e-03,-2.044828008256799889e-01,-1.792241752962844825e-03,-3.519442195512729934e-03,-1.532759636601406430e-03,-3.519686815437187994e-03,-9.075353381128086969e-03,-1.837800529752348783e-02,-2.670144594878379185e-02,-3.147566308170231947e-02,-4.046364647270953713e-02,-4.893498663530249787e-02,-6.119204905210497841e-02,-7.721934540943196923e-02,-9.940161779961075028e-02,9.378955292818401679e-01,1.333708170438802033e-03,5.617651859401986622e-04,1.318560216661786365e-04,1.914051329872153706e-01
1.223412851735403237e-03,1.344764833970157544e-02,2.736221231140860757e-02,2.167748201072906833e-02,-1.460155999875887255e-02,-4.200401930232602887e-02,2.426178825961596355e-02,1.175336705789518377e-01,-1.258497646457885184e-03,-1.644289915649936113e-05,3.636139991898312135e-02,-4.649396539962464148e-04,6.786540429067055950e-03,1.248124879141207294e-03,-2.153698033449248303e-02,-7.743251098580981743e-04,-1.711773502416885293e-02,3.182391435955483211e-03,7.001335436626076898e-04,-1.116494959941958598e-03,3.905243714203066041e-02,-4.720127247373619161e-03,-2.143418607368516825e-03,1.082567112350694494e-03,1.538013611256742325e-02,1.536070653722140930e-03,6.535222714810316877e-04,2.126851119081898771e-03,2.591650467213838828e-03,6.282873575118594692e-04,-5.906538429500769391e-03,-1.186620855325788270e-03,-2.429079417730136137e-01,-5.781279190337052605e-04,1.294993700490557412e-03,1.324849462971102116e-04,-3.768341754330562995e-03,-9.774624325499583002e-03,-1.996995928257534747e-02,-2.892321524087087051e-02,-3.415663995117321911e-02,-4.396501686596977071e-02,-5.330151625779474406e-02,-6.683134069401298893e-02,-8.448906730166397261e-02,-1.088896339548142411e-01,-1.435160364423892221e-01,9.101794905909924571e-01,3.867857814772836592e-03,1.873249112700404572e-03,1.985990258284754950e-01
2.275761880401170646e-03,2.089045124848652041e-02,4.252513321135856922e-02,3.482706124512882639e-02,-2.701592779124910998e-02,-6.792547511236042557e-02,4.177422131490252100e-02,1.167879970071808715e-01,-7.825468150148039755e-04,-2.526520186219668356e-04,6.004566234316515566e-02,-2.846615498667284480e-04,6.117031763313142065e-03,3.837323375487472726e-04,-1.478694406316137869e-02,-8.314685589733638270e-04,-3.052418193148322481e-02,3.313583187875662230e-03,1.000330969246058209e-03,-8.946274528318718788e-04,6.174371458512008942e-02,-5.942916450998184455e-03,-1.281843871762001737e-03,2.623398899280082351e-04,2.754450858759907583e-02,1.069736353747816580e-03,9.958787211123989146e-04,2.089330566658929769e-03,2.611308634685375989e-03,9.701127510363821444e-04,-6.376473998238110785e-03,-4.509780075031221379e-03,-2.822959529571230641e-01,7.000255178334999911e-04,2.598641614268383613e-03,4.318758376378142616e-05,-4.557842289453543048e-03,-1.118635188080477003e-02,-2.188669334667057986e-02,-3.141701849245825962e-02,-3.727124639787077198e-02,-4.793983175324192242e-02,-5.815265491463531000e-02,-7.326013986397013344e-02,-9.257892261314804028e-02,-1.192486301100464524e-01,-1.569466398124209350e-01,-2.143979560105620241e-01,8.583864762581485675e-01,3.694660896295020626e-03,2.057686342370156352e-01
3.382586600054889384e-03,2.869221371407253141e-02,5.839535628211361962e-02,4.860596584966545702e-02,-3.991426251302278988e-02,-9.477631704830473403e-02,6.020487348371238168e-02,1.160693231443997581e-01,-5.451524327951607404e-04,-5.452832707045436643e-04,8.488514781198980286e-02,-6.224140489718088748e-04,5.794999366125607593e-03,3.805558300266187574e-04,-7.583425898205044605e-03,-7.555110712846752627e-04,-4.462077483653229676e-02,4.539986535463344866e-03,7.188807587200203792e-04,-8.514455192205664345e-04,8.549296110733979603e-02,-6.570295926272839114e-03,-1.817569959719486173e-03,-6.694407531367951034e-04,4.467087574512547399e-02,1.055733827039144306e-03,9.307768308130571523e-04,1.670599228357439554e-03,2.826492831474704519e-03,8.673669405825450672e-04,-7.061730193208614476e-03,-5.455874876292387057e-03,-3.225158346419617073e-01,2.499058901287029566e-03,2.793667589653067371e-03,8.767937474155312189e-05,-4.451243605649916196e-03,-1.152394744719091937e-02,-2.379604426240164786e-02,-3.417761946526427091e-02,-4.052017002209217650e-02,-5.215239021583061019e-02,-6.338359961656178654e-02,-7.986742959854199742e-02,-1.010040000783297143e-01,-1.301199551876868199e-01,-1.712321211863064019e-01,-2.338518645879478497e-01,-3.453053109704849466e-01,7.420104875357850238e-01,2.129168683732226286e-01
4.525408509804740818e-03,3.677479561995852797e-02,7.484798643015014297e-02,6.290086066451774927e-02,-5.326861020058758223e-02,-1.224102051631368315e-01,7.925711019589047612e-02,1.153735822149098422e-01,-5.768166677549090536e-04,-7.539993871995692709e-04,1.106148739518413443e-01,-1.008794724360304517e-03,6.029995945592191153e-03,2.165406949017875172e-04,-7.835129270268513508e-07,-8.172937195700042453e-04,-5.915487717162036529e-02,5.054644163071463081e-03,6.570577846944573690e-04,-1.006558596482630711e-03,1.101228517254443096e-01,-7.186037695159834364e-03,-2.185963608212446955e-03,-7.485922292165129218e-04,4.882660356161660359e-02,1.214953086525372757e-03,1.007478146183673475e-03,1.698034123524128167e-03,2.920660571891381310e-03,7.925343249900752276e-04,-7.638926698041106564e-03,-5.981768252340021429e-03,-3.634365476747117851e-01,2.994835363243345504e-03,3.236202751495540365e-03,8.310318889719754654e-05,-4.864781338073618892e-03,-1.255659077373862467e-02,-2.584564761551382678e-02,-3.709522498198995072e-02,-4.401494379699036341e-02,-5.666349827822036306e-02,-6.895211391743298612e-02,-8.682432470379015943e-02,-1.098571456270818203e-01,-1.415444081691973055e-01,-1.862533390667854005e-01,-2.543136872859223518e-01,-3.754875323470137638e-01,-6.697191601763313740e-01,2.200465411320166598e-01
