3.755283808912674179e-07,-4.813202532428874318e-13,4.441423436651325955e-16,4.567787399698393718e-15,-2.745941762815287603e-12,4.847080216022599230e-12,-1.999021219180905672e-15,-6.726186710689444578e-13,-1.395972804259972237e-12,6.757929489778558632e-13,2.234834418095206067e-16,-1.123282079739562623e-13,1.189447130146637701e-12,-3.831313354297398137e-13,-1.141406231514837348e-11,3.804367563260232783e-12,4.277259575145877269e-14,5.783188573415323854e-15,5.396049654997626154e-12,4.755759048102155435e-13,1.718835633118745980e-13,4.029201759095752169e-14,-2.882944232434302348e-17,-8.649608812340805075e-15,-1.410879119699377918e-18,-7.205837097778334907e-14,4.155507623473809409e-14,-1.711664301759765255e-14,2.702551493813918039e-14,6.470432428605077834e-15,7.526052108838362268e-13,2.854808724396773995e-13,3.159944034134364185e-16,-1.431912481440744722e-13,-3.206691857938260587e-13,-6.369589116681214846e-13,-6.410141967382035030e-28,7.262140330654399019e-17,9.234097508802094404e-14,-6.645840329238760144e-15,2.000728011167455453e-16,1.126220813831205872e-16,2.965870491145218438e-17,1.179262203676275494e-11,-5.572587978718906725e-13,-5.113839369690547964e-13,-4.073042244649322902e-13,-2.363343639557627611e-13,7.693464982790364452e-13,2.384792793125633963e-14,-8.455792371206829428e-13
-4.813202531834883514e-13,1.785107520771698716e-06,1.517596115075728037e-12,1.003835131915905706e-11,-7.630302530350102172e-12,9.748524606946661144e-12,-7.149271374659161476e-12,-1.140667518600987104e-17,-6.256975502204807200e-12,6.798105981323334632e-13,-1.695782776305961703e-16,5.016952728798510411e-13,5.316997042153968107e-12,1.118613005344145479e-12,-9.706410210575822555e-13,-7.352258056652156296e-12,-8.462209081034407341e-15,2.727478955070787416e-14,7.019755577499445612e-12,-3.369014487335731306e-12,1.003777743021035312e-11,3.187013289105262368e-13,9.167893246659050911e-12,9.556118094361580296e-12,-2.033078003274330501e-13,-2.974424872989994402e-17,3.137408341179227377e-12,-1.523778823815670399e-27,-5.317146103186981081e-12,-2.699265471427526772e-12,6.190726752563677842e-12,-6.544547346770110026e-13,1.294155121402296698e-15,7.455224340278243499e-12,7.618096842243495106e-13,1.236776954171397677e-12,-7.612845128710275251e-12,-8.734950474787248910e-12,-1.033673658567970534e-11,2.536461298209062513e-12,-9.932843242055833098e-12,-1.003730870596235888e-11,-8.589856801192470603e-12,-7.689714160307543990e-12,-6.685034919012779340e-12,-4.373247124743401674e-12,7.501456470786851487e-13,-1.062985119841330129e-15,1.077625989316603402e-11,5.116028695543600819e-12,-9.642290455119618681e-12
4.441421783849122711e-16,1.517596114584031766e-12,5.488826824121549833e-06,6.172056065030765148e-13,1.913005410751081978e-14,1.434913709720942528e-16,8.792829989527918950e-16,2.289361480139591015e-17,-4.805799795593009762e-12,1.013597799292301573e-11,3.255331804332559122e-14,1.030770135556041689e-12,-4.350753936867906750e-13,-4.902928385287221249e-13,-1.349775554867941634e-13,6.520264390324284645e-12,2.934861916562670488e-13,1.125931198346245747e-12,6.685529538099134410e-17,-8.420182612655931691e-12,5.483557857004164441e-12,-2.597731754224064420e-13,-4.087566455752629277e-14,3.516631948983708911e-18,2.012107419356433269e-13,-2.793829439272432876e-12,-4.606933261582277750e-12,-1.401245064570023208e-17,5.113640796082361518e-17,4.563857422334890665e-14,-3.591200456961121625e-12,-7.719057977939158580e-13,1.811556251859305080e-13,2.285290461650787311e-15,8.301572013797543951e-13,3.089952769277294883e-12,-2.578111946475483914e-17,2.759501151075287907e-12,-3.924433143133461675e-14,4.502839524895534475e-12,-4.758152389475006037e-12,-6.008423196018879665e-12,3.794098535920258830e-12,3.564327813746655260e-12,1.756094916992004166e-12,2.631424283693997973e-12,7.906550054388958230e-13,-6.308318752190001878e-12,-4.322464655806185495e-12,-2.277266545997860289e-16,-1.545849927274699003e-13
4.567787390016506613e-15,1.003835131961557675e-11,6.172056071904762256e-13,3.520152698441698802e-06,2.312795759624382914e-12,-6.096040465243305634e-14,-2.850755648389881402e-12,3.113740057148372091e-14,-5.835629450850069777e-13,5.879915445688933011e-12,6.603214201170142920e-17,6.914558530139268228e-12,-7.324709500154782852e-13,8.738619155013158487e-12,1.173457620712525967e-15,8.064392578048440242e-18,-1.119918098850160436e-11,4.426113350466404228e-14,3.975279642586627819e-27,-2.373307760821874884e-14,-1.165818835345974762e-15,3.371509815383750012e-14,8.124935671931736075e-14,-3.601176377599551620e-16,-2.403358257434579156e-12,1.638272702691643266e-14,-8.636048946575601672e-17,3.078556263866347199e-14,2.212081900738769399e-14,8.044972518855915610e-14,-4.756521048772078085e-14,1.257058880268650276e-13,-4.534272904552913247e-13,-4.410168203768437415e-14,-2.087599220130591063e-13,-1.657966357446959699e-13,-7.666990160240826790e-14,-7.911373111282283533e-13,-6.554483679128102107e-14,-6.960625944821924169e-13,-2.297402515103795862e-12,-2.588126456360054173e-12,-1.400417908004270756e-12,-1.525728580117332652e-12,3.623651838941266962e-12,-7.973981853357274705e-14,-2.378962349317507369e-13,-1.176556689664062046e-13,-2.842337202304335817e-14,-1.341941831593027147e-14,-5.243605514179458103e-12
-2.745941763063085146e-12,-7.630302529508832024e-12,1.913005733456931939e-14,2.312795762207990681e-12,5.079976216054179922e-09,-1.396518451826996106e-12,-1.642005609428375341e-12,2.359524451533108655e-13,-2.268461574714646024e-12,8.693809086911433699e-13,2.662527762935334782e-12,1.100252786235562866e-11,5.362365907541564332e-12,-5.938068306954870224e-17,-6.018287815321377911e-12,1.780687835095296418e-12,3.622912390217022067e-13,-1.011629530301383518e-14,-1.862426179083115322e-15,-1.579767160006979436e-12,-1.870296814057174617e-13,5.556446012057897951e-13,-7.371612353280403705e-13,2.033681558282915241e-14,4.558573180073390232e-14,-1.378617344405159072e-12,-1.419299100492367704e-13,-1.496177887579717496e-12,1.438428696102623451e-26,-6.303762541399193538e-13,-2.263273005004979104e-12,4.505784339656724603e-13,-1.858280278854515435e-15,1.128643299538132807e-13,-5.032399469244404539e-13,1.797339187501163454e-12,3.036480746543095121e-12,4.639995588732936833e-12,1.033574635098864903e-11,6.340484343693511140e-13,7.693320653117398715e-12,7.923865838277043553e-12,3.817152515225818595e-12,2.365893270827690894e-12,1.927075300917711266e-12,1.440032493254959565e-12,-4.855869462120321151e-13,-3.857463845047914035e-13,1.209464760509292467e-13,5.601418870191399052e-14,-6.331779601623243884e-12
4.847080216080340314e-12,9.748524609794513131e-12,1.434887839302808849e-16,-6.096040468181260935e-14,-1.396518461729972511e-12,1.065963730588672255e-04,1.897825479393647766e-14,1.254453348507563609e-15,-1.584457005190204309e-12,-5.080950819711159175e-13,-2.434352448457297064e-15,-4.988205525172664309e-12,5.696209485726244590e-12,-9.707121519931040450e-13,3.179512953583102396e-13,9.995138458864267043e-12,1.099681962661175352e-12,4.234079771849373999e-12,-9.970346930298592315e-12,-2.768551378891167399e-12,-5.407922655229564431e-13,3.329121677328592399e-13,-9.325443445794240432e-12,-5.252480235181559161e-15,6.029096943876459659e-14,-8.909667131168011882e-12,-1.128701932819330921e-27,-8.348608685068105919e-12,-5.911598294632398955e-12,-2.630826514560349805e-12,8.127406439430704347e-20,-3.857483532852951044e-20,8.982263230181444394e-12,1.454486886502321482e-14,2.291810548537303356e-20,-1.345327232225754094e-20,9.160342341178100456e-12,1.331470585329511915e-12,2.237869942718462360e-12,2.491061136116468472e-12,1.582117541872046285e-12,1.497006540847405988e-12,1.196940463176228644e-12,9.943962691752699416e-13,8.213326424987254691e-12,6.247234845264370193e-12,6.270548574078249742e-13,4.513042797337276047e-13,1.700952509314230457e-14,5.192329895935632938e-15,-7.327204586850440281e-16
-1.999021320493343008e-15,-7.149271376359813312e-12,8.792851401904422865e-16,-2.850755647919673652e-12,-1.642005609163824766e-12,1.897825610056732034e-14,1.790688947620305833e-07,-1.627557831802105604e-14,-3.148501217436564501e-14,1.282474959169184370e-13,-1.259841687410024170e-15,6.274149096465423127e-14,2.036612403550340488e-13,1.579132210105001805e-13,1.590630375135806650e-15,7.198371650423925920e-14,4.330134807666457433e-13,5.279895836822458470e-12,-3.591121507276508912e-14,3.831610157658649463e-13,9.967962523663657698e-15,1.528249846233350461e-14,-5.162831043901668211e-12,-2.031945407317496071e-17,8.984060981798707463e-12,-1.648548700993631713e-13,-2.632330809663836804e-12,-1.940547584040054370e-13,-1.579569154375939898e-13,-4.489872627677239960e-12,9.770461176988364139e-16,2.164669613124770318e-17,2.042473473862890138e-15,4.555121547620407938e-12,-6.629663995973034045e-17,-4.113582846339539518e-16,-2.096743157327047346e-14,-1.106321532400431806e-13,4.154150080487974675e-12,4.327250287734747970e-12,3.890077051635287435e-12,4.018634747429173273e-12,-1.087047037599057331e-13,1.009915521984729913e-13,2.398025739556580418e-13,3.053840802088548190e-16,-3.801893768577759961e-17,6.521524331735944996e-21,5.202256253562329185e-12,-8.068477563465758179e-13,-7.450726074601792361e-13
-6.726186731486837168e-13,-1.138231584574361003e-17,2.288744578929094074e-17,3.113740931737955530e-14,2.359524661528634893e-13,1.254451081582279558e-15,-1.627559614361629808e-14,2.085527274727756383e-03,-6.306761507920983334e-13,1.655144220791202826e-12,1.006557368640135769e-19,-2.427567447981596574e-12,-3.531013109686135621e-13,-3.534593311260139142e-12,-6.772608538552420848e-17,1.826945747812919095e-20,8.122923459436566859e-14,-6.556027987986500678e-13,-1.186630886079792877e-11,2.593666026793201877e-12,-5.365785175321479768e-13,-2.266072598905338117e-14,-8.898250176609239568e-12,-9.885388436587768473e-12,-2.319935670003138460e-15,-4.088894908439568370e-19,-5.906009822646903581e-15,4.309603777545269371e-12,3.009635499647118122e-12,2.276866945201757131e-12,-6.320116943265678064e-12,5.788171922357591995e-13,-1.363261267063950289e-16,-4.497546518204613834e-15,-6.779066558701501957e-13,-1.070994548968036513e-12,2.620440651749067409e-12,9.041993944667754043e-12,-1.793079203744370784e-12,-2.116673207203516436e-12,1.059341728958862737e-11,1.070439120020288793e-11,9.053700661488104931e-12,-1.350461825593617328e-12,7.104764786284426028e-13,4.330319991231539035e-12,-6.731891671832245062e-13,-4.738996176202937417e-13,-5.737355517977123021e-15,-1.699671803073706723e-15,5.374888215458322916e-13
-1.395972804362777499e-12,-6.256975503151718975e-12,-4.805799794830441326e-12,-5.835629447972176958e-13,-2.268461572708623178e-12,-1.584456997413796571e-12,-3.148501135476163124e-14,-6.306761488510348135e-13,3.398752250336037599e-12,2.785988992170133448e-12,-2.025791327571760617e-12,1.048530358234445851e-13,-5.017046153570100530e-13,6.786669218365163260e-13,-9.827760861972972266e-12,-2.139675359042716765e-13,-6.186587644136039546e-12,-1.362313629881534088e-13,-1.654767595249386686e-13,-1.393998673548245326e-13,-1.207539650690455616e-12,1.739051201065674426e-13,2.648316308253345673e-13,1.371549975304045555e-13,-2.631086553291290545e-12,-8.263423274683296369e-14,-2.227110087179253335e-13,-2.172992074031254826e-13,-1.061851023333327319e-13,-1.379416565354661310e-13,-6.199029718789539608e-14,-4.230293955917434143e-14,2.031346898225936290e-13,2.425433475560594985e-14,6.342293974655419752e-14,8.438003681213682911e-14,1.310668157443987003e-13,1.632763655758186592e-13,2.039922605165840307e-13,2.236849359910334732e-13,2.640360777330600372e-13,2.542887377830136550e-13,2.283578797440324596e-13,2.091008283653698670e-13,2.020228386948171621e-13,1.882109892580257041e-13,1.823860980521674111e-13,1.545253950604616837e-13,1.192384371087257095e-13,9.076218374921531937e-14,-4.823673331124311247e-12
6.757929493702961144e-13,6.798105987623576165e-13,1.013597798690930281e-11,5.879915443394231402e-12,8.693809094179025193e-13,-5.080950884250218996e-13,1.282474954892140333e-13,1.655144208830160263e-12,2.785988993324226098e-12,3.315049076128168501e-12,5.070906866694077583e-12,3.140450766791504852e-14,8.124041670882784919e-15,7.204712614059836450e-13,-2.635163886645689817e-13,-5.993591269886613245e-13,8.938570344462609580e-12,4.972933419740096066e-13,1.165676198541298458e-12,6.490633962748619924e-13,-1.987924386787429930e-12,-5.015703652820864801e-14,-1.021195298361851387e-13,-1.489215893983959324e-13,-5.098727069740603864e-12,-3.860058507867916567e-14,-1.048106575722302331e-13,-6.792814165398335542e-14,-6.265582947041139691e-14,-1.511166783856062127e-13,-7.362985066050981497e-14,-4.518585251741287380e-14,-3.573397467410372746e-20,2.519861981178787442e-14,6.755333297229419467e-14,9.534849942862930609e-14,1.367096008627413529e-13,1.585809594645704633e-13,2.292383157262167133e-13,2.329559510925076127e-13,2.413335710774518653e-13,2.216041178102691458e-13,1.990352733779653878e-13,1.925779774070366042e-13,1.941373105267505840e-13,1.831114040857128690e-13,1.763509218783405070e-13,1.483011536186935079e-13,1.151030606308335509e-13,1.037639513849854838e-13,-1.296909521902245553e-14
2.234834392234958678e-16,-1.695782160072797634e-16,3.255332038452836071e-14,6.603073287628878551e-17,2.662527766528145305e-12,-2.434355048598786294e-15,-1.259839503759666176e-15,1.097663819855950118e-19,-2.025791325139619395e-12,5.070906859916564349e-12,5.629189003439097704e-07,-9.484477048715125477e-13,6.787298967996118756e-13,-1.451832591604969177e-12,4.775135023904778076e-13,-9.516806645491185299e-12,5.510607403922192890e-14,-2.515243880577328600e-12,-3.437148137110349348e-12,1.770447065795953167e-12,-7.824943996522845266e-16,1.095210317945148738e-13,2.108081138611199508e-13,3.842699347588613219e-12,1.694444865881302578e-13,3.216180035830368402e-12,-5.686680265194348094e-12,-3.430439053972290967e-13,5.014891024505927642e-12,3.650424300043673529e-12,1.847672963994315949e-12,-4.107887575172505067e-16,1.743610952869902097e-14,1.346820721258476833e-27,-9.870908728570148343e-13,-1.556756719957959199e-12,-1.990235935030102392e-12,-2.387927820384767038e-12,-3.013252094408781611e-12,2.999641014822446600e-12,-2.799102214863796760e-12,-2.651746156763527989e-12,-2.150023319918775770e-12,-1.715173351711746644e-12,-4.491319135804686971e-14,-1.314413703025375291e-12,-9.822295336320580998e-13,-5.806427315937166415e-14,3.172814094734207449e-16,-6.002018931577388125e-12,1.557049535256522449e-13
-1.123282080808324126e-13,5.016952743174768093e-13,1.030770137047793261e-12,6.914558532009098694e-12,1.100252786066526569e-11,-4.988205521495431280e-12,6.274148973855009207e-14,-2.427567446250114086e-12,1.048530357436051467e-13,3.140450791993004378e-14,-9.484477050489549060e-13,6.888090535000308145e-14,-8.292271045967424101e-14,2.238242282895898052e-14,-2.926032341168141150e-13,5.012626683261711399e-14,-1.551963560228232200e-14,-7.068258641970791289e-14,-1.410742993526088475e-13,-8.306420434017592100e-14,-8.089507122259945123e-12,3.535404846455753555e-14,4.511324332492812095e-14,4.421530225586728711e-14,-5.272305846125484199e-12,-9.759745291333442491e-15,-6.956564061629249848e-14,-3.502920480950266387e-14,-1.652129651074760063e-14,-1.665752987379272958e-14,-1.783597350329168498e-14,-5.912381303915103857e-15,-1.163578939140912390e-13,3.964029262700744175e-15,7.539348993601291154e-15,1.680324772588414886e-14,2.465566744712926083e-14,3.349623708190889024e-14,3.997864438561523019e-14,2.220488339095680841e-14,4.591640614011371123e-14,4.545335309290397877e-14,3.335808845053686516e-14,2.537262888978255372e-14,2.218191125403378791e-14,1.864342496111899153e-14,1.255308473207471916e-14,1.040098698448605078e-14,8.567211035374345701e-15,3.753185135391119921e-14,1.615587133892632177e-27
1.189447130180004018e-12,5.316997044074095031e-12,-4.350753914229873719e-13,-7.324709478268680423e-13,5.362365906269598849e-12,5.696209480012660914e-12,2.036612387714387461e-13,-3.531012941995672806e-13,-5.017046161719329031e-13,8.124042243313820623e-15,6.787298993132832985e-13,-8.292270706112398495e-14,1.514291170566366316e-10,3.817319968641845749e-13,-2.229348751105466378e-12,-7.508772548412182770e-13,-9.934229920682294641e-12,3.727031087030844750e-13,3.069281756005409426e-12,8.430280736757657223e-13,3.826486646564858533e-12,2.814453761436833543e-24,-8.475453192279681791e-14,-4.310724262588104499e-12,2.812463539991219291e-14,2.759147247918925826e-14,8.678156250049740401e-12,3.007421550096450157e-13,2.559145763582301948e-13,1.007540713821092836e-13,8.063201824811318868e-12,3.805335157528705966e-12,-2.344635522972641545e-12,-1.937514366301432486e-12,-4.404036336915956153e-12,-6.928297910650808539e-12,-9.164151822125738542e-12,-1.136439941358720733e-11,-3.017926148635290293e-14,-1.807887489422975353e-13,-1.189118766535440542e-11,-1.122874824785878077e-11,-1.005063694880794825e-11,-7.672173552419448809e-12,-6.478080746700991497e-12,-5.180306027503842488e-12,-3.930969010749548899e-12,-2.825152415426261390e-12,-1.866646287097278360e-12,-9.753025381907862288e-13,1.451183577735351713e-12
-3.831313352396925941e-13,1.118613004225826574e-12,-4.902928428965746286e-13,8.738619152248984221e-12,-5.938208522466082855e-17,-9.707121547415913643e-13,1.579132211236312151e-13,-3.534593312086562852e-12,6.786669212023758587e-13,7.204712616935953134e-13,-1.451832589787998905e-12,2.238242326268277468e-14,3.817319974674486982e-13,2.010371163762405913e-13,1.082205646808130926e-14,-1.525971835046750991e-13,9.526350230066080660e-14,1.188086149964496249e-13,2.798276601901951189e-13,1.614211216931794502e-13,-9.694806952350141513e-12,-1.650543541447600021e-14,-3.660342458864793683e-14,-5.194875966915066791e-14,-6.803271447787595570e-12,-9.105314331870835354e-15,-3.254465598537291636e-14,7.201070513139387136e-15,2.200331664567192270e-14,-4.530675390651334577e-15,1.980689268023211817e-14,7.055687906179028016e-15,-2.090160280931709960e-13,-3.340934439220157773e-15,-5.834557088871869368e-15,-1.189279921886898295e-14,-1.337717286082168213e-14,-1.638443291790597084e-14,1.712996211444834957e-14,1.412712796386263694e-14,-3.710249806113334311e-15,-5.531171233443351898e-15,-3.682413011070284732e-15,1.761640523132106227e-15,6.883459995121067308e-15,9.720771842873878701e-15,1.391014151798788304e-14,1.308484931728641210e-14,1.123135530026087512e-14,4.949965910507845808e-14,9.373486613390076976e-12
-1.141406231436339039e-11,-9.706410204893572384e-13,-1.349775569463920681e-13,1.173457760856012838e-15,-6.018287810742527708e-12,3.179512958518989176e-13,1.590633412633975749e-15,-6.773033214872875111e-17,-9.827760860525231710e-12,-2.635163991204589293e-13,4.775135163196959667e-13,-2.926032336936698828e-13,-2.229348746378187338e-12,1.082204963308375517e-14,2.353928733614702533e-05,1.448776652922679366e-13,-1.570238179471206877e-14,2.813063363677561934e-13,4.200180865056499981e-14,-9.906048393441787590e-14,-1.693045353636172319e-16,6.816116934375966715e-13,-2.107668413213394747e-13,-2.919741174523549892e-18,4.822830677221403375e-13,2.095238814295542399e-14,-1.627225112440985510e-13,3.601890995802780746e-13,3.321173854705820483e-13,2.179826382772272178e-13,-1.162736193214191367e-14,-6.869168925582208920e-14,-3.135370201989397557e-12,6.669199581114898199e-14,9.161769719687612644e-14,1.143906324233522569e-13,3.638041461373321816e-16,4.158341418328790561e-16,-1.877712011395152096e-13,-1.977038376903285081e-13,4.931104147138419531e-16,-2.115079915912262966e-13,4.045939864411661475e-16,2.438922770017698344e-14,2.082307858586263221e-14,-1.040332288703595228e-12,1.311530445146343946e-14,1.061484772058003653e-13,6.051735625997197493e-15,3.945828971515528502e-14,1.525580283703517769e-17
3.804367563251426218e-12,-7.352258055173729279e-12,6.520264391566535441e-12,8.065441832454861323e-18,1.780687832828823155e-12,9.995138457393247493e-12,7.198371656919125148e-14,1.376983242156985113e-20,-2.139675358986874249e-13,-5.993591279210180731e-13,-9.516806644899442584e-12,5.012626724609388110e-14,-7.508772561825587881e-13,-1.525971841756633728e-13,1.448776599500130291e-13,6.246148004835352785e-13,-5.658643121660354728e-14,-9.050110034949747764e-13,-1.913976003060823936e-12,-1.161773929050536903e-12,1.358504661162613318e-12,3.769113649819945407e-13,6.025576931446855358e-13,5.401660611991028436e-13,1.258849921063035884e-12,-4.010702215160582446e-14,-3.064272107033518898e-13,-3.693522686694389832e-13,-3.028221322621726949e-13,-2.048514170379025543e-13,-1.391963759626034985e-13,-6.782390257131889127e-14,1.108712304657281206e-11,3.581182182329804864e-14,7.979580179639251061e-14,1.224071172938802860e-13,1.688185104379590247e-13,2.084321738047393830e-13,1.966688591487053735e-13,2.318501329660182316e-13,2.385708952603835563e-13,2.329578411975966590e-13,1.950351830763001768e-13,1.536398438141746554e-13,1.258696107219360714e-13,1.021785713524548214e-13,8.058633782973739006e-14,6.518793286436302645e-14,4.612539346299139294e-14,1.889912081799525908e-14,1.218658333054885302e-12
4.277259548012767882e-14,-8.462210568411619690e-15,2.934861961088031269e-13,-1.119918098903987437e-11,3.622912463105691156e-13,1.099681963433470027e-12,4.330134850121989572e-13,8.122925924055035889e-14,-6.186587640739936451e-12,8.938570338538511670e-12,5.510606823466747622e-14,-1.551963604440317131e-14,-9.934229925618978007e-12,9.526350275491689254e-14,-1.570239295303717306e-14,-5.658643110795020071e-14,3.847923586234008542e-08,-7.324482321341293350e-12,-1.381689982516810328e-13,-3.744485990123752912e-16,-3.914425484573044962e-12,-2.739358106182655128e-12,-8.217455427324075598e-13,-2.744409965103776826e-14,-3.188039387723606008e-12,1.068313606164413040e-12,-8.598354733385840235e-13,1.291212768542861223e-12,1.146802351708616745e-12,9.141449259793588191e-13,-1.039915516635177533e-11,-1.826288773624749209e-12,4.736034386963922635e-15,1.122696900706769167e-13,2.232360752166213177e-12,7.664847486351558032e-12,1.166200745835943279e-11,1.005413874891967293e-11,1.150436686937587178e-11,-9.338301766973196571e-13,7.705317054959141281e-12,3.835608628839229310e-16,3.904002476355017977e-16,2.220298321551114040e-27,8.244554315485536067e-12,5.965174239757298080e-12,2.165416314358150344e-12,9.394608168703465482e-13,-6.636588332802566052e-13,7.861144197551264493e-14,-6.987807405237292435e-15
5.783188614254123592e-15,2.727478840988599174e-14,1.125931197854620562e-12,4.426113341410075932e-14,-1.011629456208802658e-14,4.234079770551815193e-12,5.279895836859908588e-12,-6.556028029791329351e-13,-1.362313636275576862e-13,4.972933428156720393e-13,-2.515243881584962622e-12,-7.068258633184493868e-14,3.727031101080237853e-13,1.188086155757361885e-13,2.813063418276044377e-13,-9.050110054946766371e-13,-7.324482321128654618e-12,1.422711495974789456e-12,2.977469125534426262e-12,1.823370763378162252e-12,-6.884635793214202473e-12,-6.164315296077360946e-13,-9.808690124810221778e-13,-8.409089838843664002e-13,-1.576834405259923549e-12,6.839386483043750791e-14,4.652171775913290571e-13,6.139997660347325619e-13,5.037231247334164956e-13,3.578442926412852274e-13,1.918976434730074578e-13,9.646376604423488019e-14,6.684723313238763678e-13,-5.147621631779616083e-14,-1.173885277900622826e-13,-1.773434440763483723e-13,-2.485328597183994944e-13,-3.052406398041731243e-13,-3.616492977413150069e-13,-4.252875792460874805e-13,-3.684300298751176726e-13,-3.602669481472365414e-13,-3.042272603082561665e-13,-2.498211500811708813e-13,-2.130234143245130304e-13,-1.795351461864071386e-13,-1.502572666425141644e-13,-1.252400971398151128e-13,-9.141781176463077092e-14,-4.521822911313554589e-14,2.966215188999913423e-12
5.396049655093044346e-12,7.019755576734004662e-12,6.685153621327710601e-17,-1.420913731019971678e-21,-1.862427047684856450e-15,-9.970346926051465772e-12,-3.591121393460050043e-14,-1.186630885990007915e-11,-1.654767596744230391e-13,1.165676198673531034e-12,-3.437148137614262285e-12,-1.410743004123654458e-13,3.069281756774922463e-12,2.798276591888997527e-13,4.200181087842287129e-14,-1.913976003166701842e-12,-1.381689995458974925e-13,2.977469125294790261e-12,6.321568463219568791e-12,3.850848897827906577e-12,-5.458036731214446468e-16,-1.263027387371638601e-12,-2.015010517927840643e-12,-1.784539856319379880e-12,-3.768123821602785067e-12,1.350457673365348286e-13,1.051426502724507657e-12,1.219207808223326954e-12,9.767707807343931753e-13,6.713900850204998402e-13,4.803649642262503309e-13,2.373867850852503459e-13,2.558832648812236081e-14,-1.240436210010157173e-13,-2.776844518084605488e-13,-4.184077940374087809e-13,-5.780325475823525833e-13,-7.104304915762123807e-13,-6.245235331953319691e-13,-7.425545807743732890e-13,-8.098515973989152584e-13,-7.831530603728438655e-13,-6.570811508445377947e-13,-5.118891060679497266e-13,-4.193523023589767741e-13,-3.374225445911686127e-13,-2.679774705313653449e-13,-2.145774088700176960e-13,-1.499168720695659593e-13,-6.204899225613466963e-14,7.121750501015961472e-12
4.755759049357043556e-13,-3.369014486167710276e-12,-8.420182614233279493e-12,-2.373307698362295576e-14,-1.579767161441203384e-12,-2.768551369901596703e-12,3.831610152797281639e-13,2.593666006522649828e-12,-1.393998678476441912e-13,6.490633956890717061e-13,1.770447069393855819e-12,-8.306420389392556155e-14,8.430280740619210366e-13,1.614211212297651941e-13,-9.906047633065987014e-14,-1.161773929334725546e-12,-3.744502572838783450e-16,1.823370763422348560e-12,3.850848897220191359e-12,2.363762093522935099e-12,-3.752812786114861461e-12,-7.900349909373593030e-13,-1.264316596142912001e-12,-1.094077515929622992e-12,-3.538503699278865753e-12,8.487577327076357875e-14,6.044028664810847465e-13,7.822941375965483527e-13,6.395971288113814659e-13,4.519946461638039350e-13,2.651234475925119889e-13,1.318694330386967373e-13,1.065559608557066233e-12,-6.899494539907771819e-14,-1.539810877722398494e-13,-2.299792668541747147e-13,-3.182206210381486209e-13,-3.871720031817673903e-13,-4.188085679249516509e-13,-4.891635361193374412e-13,-4.431105120867525618e-13,-4.276272503740462810e-13,-3.511486785041507520e-13,-2.740020174454461533e-13,-2.220492236175191733e-13,-1.779592709050898521e-13,-1.415001102267252842e-13,-1.145606174430540741e-13,-8.035124924685179534e-14,-2.415898013544090653e-14,-1.651024658003949062e-14
1.718835630613958872e-13,1.003777743098303028e-11,5.483557855300618281e-12,-1.165818608552807782e-15,-1.870296821098091916e-13,-5.407922665542049968e-13,9.967960712413045276e-15,-5.365785178202597703e-13,-1.207539654558589450e-12,-1.987924383922972939e-12,-7.824990455841204084e-16,-8.089507122188057958e-12,3.826486649586060596e-12,-9.694806952911884391e-12,-1.692993057896325953e-16,1.358504663100194238e-12,-3.914425488471922006e-12,-6.884635796159519600e-12,-5.458028915180704034e-16,-3.752812786913736987e-12,1.935473816013782655e-05,1.509440530935598951e-13,-5.098180448721788101e-12,2.666102377649166142e-28,4.058886226275838173e-14,4.779827575249131784e-20,-5.316250348046855312e-14,-1.042015432267518693e-11,-6.663214075137174827e-12,-9.349185830474852892e-12,-5.537850261326880607e-12,-2.611075997129863342e-12,-9.999190326390300589e-14,1.762721765379200883e-13,3.124281715069712779e-12,-4.757639783643214569e-19,5.868940818330029033e-12,7.229320239344333545e-12,8.159448864554604038e-12,8.810642718068035894e-12,7.158333226886347519e-12,7.110596810864921001e-12,6.353715613237661741e-12,5.525056117179887068e-12,5.329976997029809858e-12,4.100405394809208672e-12,3.233453279621075988e-12,-1.083812437235935777e-19,2.015162901725070502e-13,2.837733751272911735e-14,-1.018655180333272514e-17
4.029201784820516385e-14,3.187013309256393852e-13,-2.597731739734253177e-13,3.371510048330051104e-14,5.556445995722836794e-13,3.329121759258983740e-13,1.528250039233361313e-14,-2.266074730575016113e-14,1.739051193172509418e-13,-5.015703730817955783e-14,1.095210378170018009e-13,3.535404904912880453e-14,-4.441442901526912972e-22,-1.650543596819755083e-14,6.816117009126179418e-13,3.769113640899717327e-13,-2.739358106000741633e-12,-6.164315293817830063e-13,-1.263027388869811122e-12,-7.900349943377764205e-13,1.509440563780505577e-13,3.067713065325618592e-13,4.882211895998985478e-13,4.272920325839539974e-13,-3.528622715852458832e-13,-3.758260168436243971e-14,-2.668689534154638403e-13,-3.506184644047073016e-13,-3.123155816891006289e-13,-2.469056300249258809e-13,-1.247448331753797974e-13,-6.413467671384489474e-14,-3.590545064264531606e-13,3.490005285930746992e-14,8.098715360105694614e-14,1.225229499998882756e-13,1.687405823273151812e-13,2.057919130079232959e-13,2.642709372891952421e-13,3.071715725311138068e-13,2.534953881173514305e-13,2.485175445998981214e-13,2.127094903459073410e-13,1.833084716549140980e-13,1.604689170797881523e-13,1.406109949417887522e-13,1.223153567064833096e-13,1.025284264719604713e-13,7.700771178534882722e-14,4.914363107773906350e-14,1.157159797525849751e-13
-2.882932912440922658e-17,9.167893248065592379e-12,-4.087566293968094040e-14,8.124935997473016871e-14,-7.371612366956919297e-13,-9.325443429850784873e-12,-5.162831043839863925e-12,-8.898250202391486678e-12,2.648316304363929205e-13,-1.021195296892230784e-13,2.108081180961145456e-13,4.511324351747856029e-14,-8.475453180844961217e-14,-3.660342456774988811e-14,-2.107668362332757963e-13,6.025576917809756053e-13,-8.217455444196442665e-13,-9.808690127392061285e-13,-2.015010517157913611e-12,-1.264316596796436384e-12,-5.098180448362501717e-12,4.882211874395867273e-13,7.952567108057398378e-13,7.067630377614176958e-13,1.129311263777374351e-12,-6.075050985183263866e-14,-4.346834610915141742e-13,-5.721771544149605629e-13,-5.101831412180884473e-13,-4.027256044410498858e-13,-2.147350096334483250e-13,-1.091454229216875229e-13,-1.460493354239249430e-12,5.718917468464622420e-14,1.311542993929700288e-13,1.949235198360929185e-13,2.642671132002533150e-13,3.154416151216055063e-13,3.883346469363728017e-13,4.484837320769770047e-13,3.625136219036412376e-13,3.468843462642974786e-13,2.875889917323718512e-13,2.370405186149326891e-13,1.999231716469481466e-13,1.681425460349565719e-13,1.414959967945358740e-13,1.156434055391223723e-13,8.380330708044006872e-14,4.270746896479577252e-14,-1.645357147380640239e-12
-8.649608656068673019e-15,9.556118095784618524e-12,3.516010704294854540e-18,-3.601161768140961618e-16,2.033681197623373947e-14,-5.252464974771758923e-15,-2.031884546293819783e-17,-9.885388461818142327e-12,1.371549966151304446e-13,-1.489215895881826891e-13,3.842699352233669374e-12,4.421530253360740252e-14,-4.310724259723556228e-12,-5.194875929331015168e-14,-2.915754756496731836e-18,5.401660597437833670e-13,-2.744410213147263844e-14,-8.409089839827194070e-13,-1.784539855475080506e-12,-1.094077516521926922e-12,-2.066833545085915486e-21,4.272920324481764196e-13,7.067630354587024717e-13,7.662410501548722777e-13,-7.352947656801009266e-13,-5.453155150407337214e-14,-6.619355472236461863e-13,-5.344773410050895320e-13,-4.850718475558514614e-13,-3.863360548478748335e-13,-4.370375758417186121e-13,-2.128808606921500866e-13,-7.655050249398393897e-14,1.093923872147577960e-13,2.487000653913784042e-13,3.802773550557500741e-13,5.059489200967513767e-13,6.130594296520626404e-13,3.569655672374646659e-13,4.117236043828603435e-13,6.587544603106966161e-13,6.221254374532327786e-13,5.317958527584775480e-13,4.166439489713285987e-13,3.480699962416778260e-13,2.820267519900238908e-13,2.223022662827908122e-13,1.690011460780462326e-13,1.160965687786460446e-13,6.859362106598801193e-14,3.024635106420398526e-12
-1.411140536759299646e-18,-2.033078020553558449e-13,2.012107457742244873e-13,-2.403358256949617056e-12,4.558573384866159433e-14,6.029097723451136642e-14,8.984060983376194206e-12,-2.319940923141721995e-15,-2.631086552932167740e-12,-5.098727072191241943e-12,1.694444819905841020e-13,-5.272305847562578843e-12,2.812463583155398751e-14,-6.803271445346687365e-12,4.822830668686711940e-13,1.258849919025618343e-12,-3.188039393422924050e-12,-1.576834404082715079e-12,-3.768123819935906272e-12,-3.538503698500401554e-12,4.058886965871347402e-14,-3.528622689019024198e-13,1.129311263927858618e-12,-7.352947671149488947e-13,1.362836385693257327e-09,1.373676635014372986e-13,1.060066125638369822e-11,-5.191247686357009863e-13,-2.090162467497640134e-12,-8.353523193335428991e-13,-1.928270879434326376e-14,4.530024887576039589e-14,-6.453279424136590467e-12,-2.045638779610834630e-14,-4.824165411662120473e-14,-5.287437361995781594e-14,-4.426519643691079917e-14,-3.251926458860154218e-13,8.595507303017528673e-13,8.880768821732118241e-13,-3.006510854736692829e-13,-1.739737689193640888e-13,-2.993001329409066361e-13,-2.844603411710647292e-14,-6.630199418479977965e-14,-3.332536862940322125e-14,-4.761875123574080185e-14,-3.564603260036028170e-14,-2.012294413816797507e-14,-8.384241895527879233e-12,-4.582551157172895222e-13
-7.205837100652594422e-14,-2.974401499478693770e-17,-2.793829439818490422e-12,1.638272720971312440e-14,-1.378617343173604876e-12,-8.909667126502695456e-12,-1.648548693867103442e-13,-4.148656231877322590e-19,-8.263423260005857651e-14,-3.860058508783891363e-14,3.216180035149023205e-12,-9.759745059621585969e-15,2.759147305263793873e-14,-9.105314024691642657e-15,2.095238817062772107e-14,-4.010702181794253907e-14,1.068313605795811989e-12,6.839386492669187956e-14,1.350457671566463704e-13,8.487577385086747794e-14,4.466043126346629692e-20,-3.758260237577229652e-14,-6.075050904130912073e-14,-5.453155168163955004e-14,1.373676639789990746e-13,8.176676086501209490e-15,3.805563910215375772e-14,4.364803332529437645e-14,3.476664664886398590e-14,2.680757907268485991e-14,1.308291069533499304e-14,6.661694374048399835e-15,4.422390729527188589e-13,-3.999342452350068280e-15,-9.405767440340721115e-15,-1.508649545487582633e-14,-2.182644185843217700e-14,-2.814296024360745542e-14,-3.680178091989172377e-14,-4.068805436286474341e-14,-3.971421890061274581e-14,-4.009076794294467263e-14,-3.492906561900229626e-14,-3.113016310431142265e-14,-2.841907550947035990e-14,-2.590631429287595288e-14,-2.297722635173994899e-14,-1.960559594474495935e-14,-1.521440043802586809e-14,-1.035865247538711136e-14,-1.005529880084915762e-14
4.155507631668807620e-14,3.137408340991797863e-12,-4.606933262545397095e-12,-8.636133156433701693e-17,-1.419299123541193047e-13,-8.824821601461724743e-23,-2.632330810078593968e-12,-5.905999231505840277e-15,-2.227110097407743487e-13,-1.048106579883519877e-13,-5.686680263762165643e-12,-6.956563988056655016e-14,8.678156251231913974e-12,-3.254465584575782055e-14,-1.627225114109657051e-13,-3.064272105292526357e-13,-8.598354716466829148e-13,4.652171779931185091e-13,1.051426503004982470e-12,6.044028671254696518e-13,-5.316250199247004024e-14,-2.668689543769282184e-13,-4.346834611064030213e-13,-6.619355470108992101e-13,1.060066125492999615e-11,3.805563918237019589e-14,8.648383917084393471e-13,3.821641550874103066e-13,3.534627667587324869e-13,3.011214378089866991e-13,6.301432104053587828e-13,3.033248892845328753e-13,2.794320319770032173e-13,-1.554318963780920573e-13,-3.544996449000618106e-13,-5.493846546335917335e-13,-7.273992144551141400e-13,-8.908236235410404109e-13,-2.861444359128959373e-13,-3.317289007200061591e-13,-9.475844983280727584e-13,-8.934860547725952534e-13,-7.827638814199598752e-13,-6.098508425415434026e-13,-5.158523595345293512e-13,-4.185968398487324423e-13,-3.275714706766104535e-13,-2.442174431847092244e-13,-1.665312136762422396e-13,-1.558931069822362231e-13,-8.971975291451230559e-13
-1.711664293917543117e-14,-2.972648014619765354e-22,-1.401321839295907831e-17,3.078556192856647851e-14,-1.496177888160816925e-12,-8.348608690585786730e-12,-1.940547578559194456e-13,4.309603792507159618e-12,-2.172992075510386947e-13,-6.792814141422670327e-14,-3.430439050721564561e-13,-3.502920552810116083e-14,3.007421546765652728e-13,7.201070689000233934e-15,3.601890993981587935e-13,-3.693522685995702418e-13,1.291212769984967822e-12,6.139997657637647731e-13,1.219207808095228060e-12,7.822941375413177899e-13,-1.042015431993722557e-11,-3.506184643120601448e-13,-5.721771531994571239e-13,-5.344773407744391242e-13,-5.191247704255580712e-13,4.364803280310096457e-14,3.821641571413005754e-13,4.930434959325020964e-13,4.834986648086602263e-13,4.150138996538273828e-13,2.469269814279858147e-13,1.242967544514050434e-13,5.169216473392183886e-13,-6.537692658332327786e-14,-1.511550807439638260e-13,-2.282196255438895761e-13,-3.041057186468262894e-13,-3.603226390024120051e-13,-4.182707816563758924e-13,-4.723748567039286008e-13,-4.086787331773528962e-13,-3.893924579653831366e-13,-3.266777531492050727e-13,-2.757895821369816610e-13,-2.373503984073278714e-13,-2.031456544467939138e-13,-1.721091128110349084e-13,-1.395504711445249657e-13,-1.023184922080045020e-13,-5.763396671171329566e-14,8.897356223453994748e-14
2.702551513074964257e-14,-5.317146103163511446e-12,5.113647699182066436e-17,2.212081860095801068e-14,-2.101609058142954393e-21,-5.911598301875858829e-12,-1.579569121612999075e-13,3.009635530224740057e-12,-1.061851024438852012e-13,-6.265582936762470160e-14,5.014891026443501292e-12,-1.652129655693205870e-14,2.559145785638593355e-13,2.200331694940359760e-14,3.321173836068397209e-13,-3.028221321330623423e-13,1.146802351946797909e-12,5.037231247484956791e-13,9.767707803753986070e-13,6.395971290198582433e-13,-6.663214069808075847e-12,-3.123155816081149819e-13,-5.101831416451916253e-13,-4.850718470907259450e-13,-2.090162467181292826e-12,3.476664714017529825e-14,3.534627660334098974e-13,4.834986696878096062e-13,5.024741917366495341e-13,4.434127267523612096e-13,2.651637964146028767e-13,1.338024239565838354e-13,4.766216651006034333e-13,-7.046542332399947321e-14,-1.639189656907544276e-13,-2.479574195603709938e-13,-3.281707516485779108e-13,-3.869086908993420593e-13,-4.520843206205826196e-13,-5.126734400626218357e-13,-4.370925329994324247e-13,-4.166348354270905633e-13,-3.525686463721790570e-13,-3.023835040850857498e-13,-2.624439503521150436e-13,-2.267581406901806580e-13,-1.937834311015224633e-13,-1.573600561823954839e-13,-1.159755837099256104e-13,-5.654580589691019952e-14,4.112935156487916483e-12
6.470432628952552883e-15,-2.699265470994400786e-12,4.563857547586746635e-14,8.044972560945589208e-14,-6.303762558189153544e-13,-2.630826527118625656e-12,-4.489872625219461793e-12,2.276866974801750133e-12,-1.379416568046197416e-13,-1.511166785624447706e-13,3.650424302683538059e-12,-1.665752956164291801e-14,1.007540724741098709e-13,-4.530675228738474706e-15,2.179826373865023573e-13,-2.048514171732872415e-13,9.141449261847090315e-13,3.578442928493912780e-13,6.713900847168175227e-13,4.519946463516426469e-13,-9.349185823910205379e-12,-2.469056305202856463e-13,-4.027256051495052408e-13,-3.863360549070789833e-13,-8.353523193197416450e-13,2.680757897564355533e-14,3.011214390052549576e-13,4.150139013682028231e-13,4.434127296896450821e-13,4.031421869246623983e-13,2.392281566435827009e-13,1.206793447295496862e-13,-1.105864055530238983e-11,-6.339003073757120395e-14,-1.472824927134238763e-13,-2.223519563711730488e-13,-2.925287122930877476e-13,-3.423139776340263080e-13,-4.079670275076876179e-13,-4.579424549309123536e-13,-3.820138086300771909e-13,-3.617542175827904088e-13,-3.040459970487851369e-13,-2.609298471711049032e-13,-2.261093852046230581e-13,-1.950071721007997865e-13,-1.664864971089649643e-13,-1.345753720568479606e-13,-9.910831963176154023e-14,-5.388964089494898950e-14,-1.095578899938058928e-13
7.526052109997964069e-13,6.190726752565909775e-12,-3.591200456308281040e-12,-4.756521023297595452e-14,-2.263273006527000317e-12,7.656331624645984814e-20,9.770477586031034299e-16,-6.320116918292814258e-12,-6.199029755679362712e-14,-7.362985051601383479e-14,1.847672965472819303e-12,-1.783597329215614657e-14,8.063201825789946234e-12,1.980689305479480280e-14,-1.162736378493565950e-14,-1.391963759075551184e-13,-1.039915516621626311e-11,1.918976434264942751e-13,4.803649636029492416e-13,2.651234472946330119e-13,-5.537850258878480116e-12,-1.247448325392606397e-13,-2.147350095333285223e-13,-4.370375756460019438e-13,-1.928270819396596432e-14,1.308290967062018300e-14,6.301432110592739356e-13,2.469269837942812588e-13,2.651637965780221911e-13,2.392281583215234203e-13,5.764152675129000755e-13,2.743387431845331962e-13,-4.061057812770473635e-13,-1.392730914460990763e-13,-3.172272487679162751e-13,-4.935892075144914400e-13,-6.487445805418566951e-13,-7.868354356445051432e-13,-2.151611577800529276e-13,-2.350324873091240158e-13,-8.142663016318182387e-13,-7.602393743599002806e-13,-6.618051101344684157e-13,-5.089808874067000707e-13,-4.274801676739829297e-13,-3.408309084837710436e-13,-2.589503997249849140e-13,-1.869603882678116119e-13,-1.234813987863605904e-13,-6.469701796563715452e-14,-1.458861376427907700e-12
2.854808724231927057e-13,-6.544547344299803587e-13,-7.719057981010869349e-13,1.257058882162629074e-13,4.505784337005010953e-13,-3.663763726903301714e-20,2.164584577032925024e-17,5.788171899394595728e-13,-4.230293971309154856e-14,-4.518585238556944631e-14,-4.107884073949957170e-16,-5.912381260953152046e-15,3.805335157675930382e-12,7.055687699503605819e-15,-6.869168855020783253e-14,-6.782390285659588474e-14,-1.826288773644559539e-12,9.646376557213570720e-14,2.373867846501180532e-13,1.318694323116185094e-13,-2.611075997922622255e-12,-6.413467622765348530e-14,-1.091454234805405696e-13,-2.128808609841481245e-13,4.530024912734078559e-14,6.661694227784834807e-15,3.033248883071225007e-13,1.242967532448380480e-13,1.338024248255302026e-13,1.206793459243018676e-13,2.743387450555650527e-13,1.315299671059512474e-13,3.426065844778505878e-13,-6.695190392748026234e-14,-1.528218226054107456e-13,-2.367986799272505113e-13,-3.113196383775985159e-13,-3.779550298764611871e-13,-1.093177053116822613e-13,-1.246697768892526343e-13,-3.938062409240734169e-13,-3.690296767453318649e-13,-3.228413920950507642e-13,-2.505639805672761727e-13,-2.109751601783262497e-13,-1.697274892747936164e-13,-1.311360719874922607e-13,-9.593285868580629164e-14,-6.427318531796932166e-14,-3.460480820065348396e-14,-1.193545261736752603e-12
3.159950149168179381e-16,1.294154821297253415e-15,1.811556266280256214e-13,-4.534272891115583815e-13,-1.858280840403735600e-15,8.982263219855876439e-12,2.042481151555179913e-15,-1.363214962087862738e-16,2.031346924772603198e-13,-4.020061210126246059e-20,1.743611591122245018e-14,-1.163578939898654562e-13,-2.344635519543646307e-12,-2.090160320851735108e-13,-3.135370198151689874e-12,1.108712304749265790e-11,4.736040191017940103e-15,6.684723253628384614e-13,2.558832611165887165e-14,1.065559602482218897e-12,-9.999190068584131018e-14,-3.590545127439596648e-13,-1.460493350401631210e-12,-7.655050179737849908e-14,-6.453279419996925510e-12,4.422390738322736761e-13,2.794320322097940257e-13,5.169216475707333375e-13,4.766216597815378558e-13,-1.105864056063211323e-11,-4.061057838324517245e-13,3.426065877337510127e-13,8.084964813301443267e-05,7.648547510742565009e-14,-2.426724763941259533e-12,7.092791432453296245e-14,1.898133518974967603e-12,-4.148588073350596503e-13,-2.125427767896816499e-13,-9.020398449817622506e-14,-5.998188419124163273e-16,-5.931717815963424853e-16,2.543760601364674336e-13,3.845507862403890253e-13,1.229482919159618180e-12,5.518232857769787903e-13,1.961990545649859600e-13,2.134147704942506481e-13,-3.079505294368168350e-13,2.643498603571762547e-13,-1.816468923161900357e-15
-1.431912480298472617e-13,7.455224340351083861e-12,2.285291994549912394e-15,-4.410168148566670629e-14,1.128643286324528493e-13,1.454486482933614531e-14,4.555121549623135794e-12,-4.497536373756385999e-15,2.425433516272699717e-14,2.519861961539172870e-14,1.798739784913504317e-21,3.964028993968179430e-15,-1.937514366010049230e-12,-3.340934272643552624e-15,6.669199502534589097e-14,3.581182194971238392e-14,1.122696893638765161e-13,-5.147621597572906449e-14,-1.240436209061199913e-13,-6.899494518581809605e-14,1.762721803431558331e-13,3.490005230889667385e-14,5.718917515073032647e-14,1.093923864135020432e-13,-2.045638686217610363e-14,-3.999341453462181688e-15,-1.554318969135529421e-13,-6.537692580960028524e-14,-7.046542505608530790e-14,-6.339002934307575569e-14,-1.392730912317722579e-13,-6.695190210287646726e-14,7.648547554996997887e-14,3.459639959628636189e-14,7.896994904970330452e-14,1.230152829271630334e-13,1.625073622424638729e-13,1.985385339001286232e-13,6.540312258395077356e-14,7.529935315882613844e-14,2.126136257267582530e-13,2.012858008835465215e-13,1.774264032634808094e-13,1.407619790252167417e-13,1.203177661560632151e-13,9.899914599349810442e-14,7.854420271778076358e-14,5.918805830441636905e-14,4.119200570815048657e-14,2.293226491179217594e-14,-5.550775316289537410e-15
-3.206691859058521833e-13,7.618096839065494859e-13,8.301572005231548496e-13,-2.087599221675723452e-13,-5.032399451705824874e-13,2.484554807931540363e-20,-6.629860746504128809e-17,-6.779066730070803593e-13,6.342293979866079534e-14,6.755333293699188661e-14,-9.870908750091782392e-13,7.539348636762244244e-15,-4.404036338151297083e-12,-5.834557540915052164e-15,9.161769916270164930e-14,7.979580131500867197e-14,2.232360753344481473e-12,-1.173885275267366249e-13,-2.776844519232696231e-13,-1.539810877581537977e-13,3.124281712048414993e-12,8.098715414505815268e-14,1.311542997619747750e-13,2.487000668063496523e-13,-4.824165541914922918e-14,-9.405767788965577145e-15,-3.544996438924641904e-13,-1.511550823747803930e-13,-1.639189675361022605e-13,-1.472824936000474931e-13,-3.172272482594829261e-13,-1.528218235189276025e-13,-2.426724763476583554e-12,7.896995149292225416e-14,1.818013191737632513e-13,2.836998288889780306e-13,3.758043708959273615e-13,4.600169865097296735e-13,1.608525062357492583e-13,1.871802138602191896e-13,4.985459322038058944e-13,4.736544967572916304e-13,4.201417150110402313e-13,3.372367264921419007e-13,2.910579168561416985e-13,2.420499858504597439e-13,1.945429940840655626e-13,1.484673388571086671e-13,1.041619972578450006e-13,5.919713244880385959e-14,1.500460684596928046e-13
-6.369589117455472863e-13,1.236776954026814947e-12,3.089952769961797745e-12,-1.657966353034180847e-13,1.797339188505062440e-12,-1.450606904019348175e-20,-4.113597392724625681e-16,-1.070994563259247266e-12,8.438003675659659114e-14,9.534849932245933151e-14,-1.556756720941768561e-12,1.680324729763757689e-14,-6.928297910907909036e-12,-1.189279892003620053e-14,1.143906327225519259e-13,1.224071169892367447e-13,7.664847486913174893e-12,-1.773434448056387428e-13,-4.184077939254919105e-13,-2.299792668990322992e-13,-4.765357930647744355e-19,1.225229504652821813e-13,1.949235197826176407e-13,3.802773553772497428e-13,-5.287437414726967292e-14,-1.508649615726783864e-14,-5.493846545875878898e-13,-2.282196266035416157e-13,-2.479574167449914505e-13,-2.223519557057387597e-13,-4.935892068561476599e-13,-2.367986795349702537e-13,7.092790560216737842e-14,1.230152825228095184e-13,2.836998265035517124e-13,4.457783446689862989e-13,5.923714045440180732e-13,7.275050943081410191e-13,2.631446610234028300e-13,3.010478343682169337e-13,7.980618207128841183e-13,7.608315038724298393e-13,6.764214211594440107e-13,5.469800482148743502e-13,4.758722480454084190e-13,3.986307018294110897e-13,3.219321572582392155e-13,2.477395430395244055e-13,1.754641515678895381e-13,1.006414261913920283e-13,-2.189466431472346915e-12
5.785417526469515828e-24,-7.612845129205399394e-12,-2.578104875128563592e-17,-7.666990227817634456e-14,3.036480747015928200e-12,9.160342339715691985e-12,-2.096743083400323071e-14,2.620440664652567169e-12,1.310668158895959841e-13,1.367096009127530643e-13,-1.990235935631016392e-12,2.465566735179497237e-14,-9.164151822869587170e-12,-1.337717286689874311e-14,3.638029448049503717e-16,1.688185103374841967e-13,1.166200745889555084e-11,-2.485328601990685241e-13,-5.780325475731584789e-13,-3.182206210562299691e-13,5.868940819536531733e-12,1.687405816542411845e-13,2.642671132357610424e-13,5.059489211417545344e-13,-4.426519694921463422e-14,-2.182644180846768049e-14,-7.273992142585260644e-13,-3.041057188145280204e-13,-3.281707514525061163e-13,-2.925287113764071924e-13,-6.487445774804254022e-13,-3.113196404771676934e-13,1.898133524595667943e-12,1.625073629202837579e-13,3.758043699200203412e-13,5.923714012354234563e-13,7.895261989192005779e-13,9.725263379941669100e-13,3.662722464018111871e-13,4.198214578360733407e-13,1.079788219046424058e-12,1.033324666285428444e-12,9.219628665602443881e-13,7.516058766503274140e-13,6.580614416176669684e-13,5.553468425606356976e-13,4.520490171913760616e-13,3.508779405742725713e-13,2.506146173067076810e-13,1.449899910585920735e-13,-2.362209582265399593e-12
7.262138797505459486e-17,-8.734950474882293901e-12,2.759501151759543584e-12,-7.911373109556279096e-13,4.639995588715727599e-12,1.331470584776873073e-12,-1.106321534261903981e-13,9.041993939655847325e-12,1.632763656835945779e-13,1.585809590067059761e-13,-2.387927820232033066e-12,3.349623710352292805e-14,-1.136439941377008533e-11,-1.638443300784153509e-14,4.158340113393209572e-16,2.084321737168804983e-13,1.005413874912557467e-11,-3.052406401922977888e-13,-7.104304908645863350e-13,-3.871720028167454703e-13,7.229320239791589456e-12,2.057919126502979377e-13,3.154416149492747647e-13,6.130594310381785430e-13,-3.251926455466619502e-13,-2.814295877434720684e-14,-8.908236236311585681e-13,-3.603226396350654759e-13,-3.869086904113536121e-13,-3.423139794228332108e-13,-7.868354338446082949e-13,-3.779550300653541707e-13,-4.148588121753024103e-13,1.985385347373799981e-13,4.600169846569985822e-13,7.275050908195553542e-13,9.725263410225135027e-13,1.203455526800204764e-12,4.582778363896757322e-13,5.293571572536158061e-13,1.353727308700221650e-12,1.302122646210827002e-12,1.167081082096117444e-12,9.588080489238720676e-13,8.436414751952171198e-13,7.172853876886600150e-13,5.885205473221584841e-13,4.605030243949147930e-13,3.317499111992445271e-13,1.952104458232725806e-13,-2.615490722489457374e-12
9.234097514765251759e-14,-1.033673658604484904e-11,-3.924433082148265923e-14,-6.554483638593221604e-14,1.033574634999904859e-11,2.237869940550449036e-12,4.154150081118079506e-12,-1.793079196147583620e-12,2.039922603971130787e-13,2.292383154240218973e-13,-3.013252094206529085e-12,3.997864472073848255e-14,-3.017926126100186697e-14,1.712996250029237624e-14,-1.877712023215365645e-13,1.966688592664368431e-13,1.150436687019025695e-11,-3.616492980384923647e-13,-6.245235324739753430e-13,-4.188085676206450100e-13,8.159448865835003693e-12,2.642709368273246289e-13,3.883346457223418695e-13,3.569655679802713414e-13,8.595507301637761725e-13,-3.680178017095337133e-14,-2.861444367370575224e-13,-4.182707810977959305e-13,-4.520843207073927611e-13,-4.079670290783731425e-13,-2.151611551870685963e-13,-1.093177063182642830e-13,-2.125427798727004433e-13,6.540312105841819570e-14,1.608525045994304055e-13,2.631446586461012996e-13,3.662722458925382882e-13,4.582778362380074413e-13,6.078907625576312078e-13,6.856034571005322108e-13,6.293341858522936805e-13,6.343327455427761002e-13,5.753565910059647710e-13,5.399714795675704902e-13,5.087419326731196287e-13,4.716831543622917198e-13,4.234984648825927135e-13,3.608244882729011125e-13,2.803835627765920509e-13,1.711293545453706706e-13,-5.732911379763190755e-12
-6.645840294972243808e-15,2.536461297630815605e-12,4.502839524705978444e-12,-6.960625948696172798e-13,6.340484335352584139e-13,2.491061135789815736e-12,4.327250288593031866e-12,-2.116673187196835003e-12,2.236849361889882850e-13,2.329559509126001208e-13,2.999641014185853975e-12,2.220488382272683708e-14,-1.807887491657269503e-13,1.412712821962168912e-14,-1.977038384164928438e-13,2.318501329203329616e-13,-9.338301753519770337e-13,-4.252875789343551468e-13,-7.425545811729259122e-13,-4.891635364364858793e-13,8.810642719569539958e-12,3.071715727064686246e-13,4.484837320480360836e-13,4.117236049920878514e-13,8.880768818579625086e-13,-4.068805313817472258e-14,-3.317289021052591867e-13,-4.723748577020795296e-13,-5.126734397779526564e-13,-4.579424561755898631e-13,-2.350324853230378186e-13,-1.246697774302644493e-13,-9.020397394321529372e-14,7.529935343417993068e-14,1.871802098100504388e-13,3.010478323078632057e-13,4.198214599392092296e-13,5.293571555667190795e-13,6.856034564500256439e-13,8.076984984954423996e-13,7.376822325572636573e-13,7.498168085396995533e-13,6.923856059199931334e-13,6.549218128704191286e-13,6.168047118782319527e-13,5.749925606572512394e-13,5.226320735889828022e-13,4.463857442504696111e-13,3.470871856337448090e-13,2.130707592046072602e-13,-8.906492641292579342e-12
2.000728014108591451e-16,-9.932843242785693972e-12,-4.758152389875058531e-12,-2.297402516207108993e-12,7.693320652862799954e-12,1.582117539035140911e-12,3.890077052187265704e-12,1.059341730371476712e-11,2.640360781518565730e-13,2.413335707500463673e-13,-2.799102216029769225e-12,4.591640627064595724e-14,-1.189118766624872014e-11,-3.710250028701750984e-15,4.931084654671421487e-16,2.385708948087674281e-13,7.705317056191705017e-12,-3.684300298793467244e-13,-8.098515971713869726e-13,-4.431105125427562208e-13,7.158333228532746323e-12,2.534953883641477133e-13,3.625136226292624583e-13,6.587544611434129370e-13,-3.006510858262157401e-13,-3.971421825698163811e-14,-9.475844980649523813e-13,-4.086787343494801431e-13,-4.370925351491075729e-13,-3.820138097521103314e-13,-8.142663039890087385e-13,-3.938062384233087681e-13,-5.998155113906175841e-16,2.126136263556401104e-13,4.985459315850398591e-13,7.980618195942061484e-13,1.079788219418374020e-12,1.353727307888370940e-12,6.293341866934943582e-13,7.376822361154012571e-13,1.605345251402914379e-12,1.570249185927902891e-12,1.427734833640003860e-12,1.213149017094164324e-12,1.090929847528351404e-12,9.536051017337204924e-13,8.060164339414305296e-13,6.489230322127706394e-13,4.806904741691238491e-13,2.899672308339633843e-13,-3.753629242550439274e-12
1.126220786559836700e-16,-1.003730870746858207e-11,-6.008423197641787831e-12,-2.588126458398736112e-12,7.923865838056577302e-12,1.497006540469463612e-12,4.018634747601216339e-12,1.070439123139085244e-11,2.542887379715972031e-13,2.216041173276157460e-13,-2.651746158980319928e-12,4.545335312642252717e-14,-1.122874824827635189e-11,-5.531171080822883005e-15,-2.115079950370982358e-13,2.329578409850779855e-13,3.835627588569408547e-16,-3.602669481095564551e-13,-7.831530602721463389e-13,-4.276272502033923674e-13,7.110596811602720871e-12,2.485175444816795524e-13,3.468843465834603519e-13,6.221254379957772304e-13,-1.739737697661530572e-13,-4.009076800935856932e-14,-8.934860550076548005e-13,-3.893924587727506934e-13,-4.166348356643354950e-13,-3.617542190149141941e-13,-7.602393734354696024e-13,-3.690296762971617840e-13,-5.931622797343023211e-16,2.012858032232499062e-13,4.736544972503239912e-13,7.608315044771546048e-13,1.033324663759953945e-12,1.302122644328199269e-12,6.343327461683456758e-13,7.498168112148548677e-13,1.570249189049781073e-12,1.545126465632073626e-12,1.411406718940978419e-12,1.210652914678973024e-12,1.093816555686514014e-12,9.633456776059037345e-13,8.208272001801253905e-13,6.655764191859463264e-13,4.964469975800753984e-13,3.005314222671234403e-13,-5.281961205646317624e-12
2.965866359982606358e-17,-8.589856801331703518e-12,3.794098535247967787e-12,-1.400417908486489791e-12,3.817152515262292091e-12,1.196940463703712593e-12,-1.087047036178730942e-13,9.053700642826679283e-12,2.283578797558134219e-13,1.990352728637577033e-13,-2.150023321138359072e-12,3.335808887665231992e-14,-1.005063694857195944e-11,-3.682413416367813016e-15,4.045946258813518277e-16,1.950351831808391657e-13,3.904007316511583118e-16,-3.042272603698008477e-13,-6.570811504583708684e-13,-3.511486784944856029e-13,6.353715610760266308e-12,2.127094904418551423e-13,2.875889914347936763e-13,5.317958533491712422e-13,-2.993001330572092198e-13,-3.492906577339192379e-14,-7.827638824923835855e-13,-3.266777534913325579e-13,-3.525686458766446061e-13,-3.040459984306864271e-13,-6.618051089671301730e-13,-3.228413912712837863e-13,2.543760602874328431e-13,1.774264038917268576e-13,4.201417154174140128e-13,6.764214202771915669e-13,9.219628661859063869e-13,1.167081082211904352e-12,5.753565906372673903e-13,6.923856058376656403e-13,1.427734833478923361e-12,1.411406720836982406e-12,1.298510800927021822e-12,1.123709365394440572e-12,1.021343631791402882e-12,9.054568115915030891e-13,7.775082101330846391e-13,6.339606114141798482e-13,4.749502515022951501e-13,2.899963302199190401e-13,-2.325102168332534403e-12
1.179262203676540127e-11,-7.689714160876563472e-12,3.564327813415276932e-12,-1.525728581000408137e-12,2.365893270526771635e-12,9.943962688279588955e-13,1.009915529652850701e-13,-1.350461815877860410e-12,2.091008283056769768e-13,1.925779772220858299e-13,-1.715173352995859727e-12,2.537262971454542120e-14,-7.672173552537213802e-12,1.761640282182231754e-15,2.438922585648094955e-14,1.536398437210504964e-13,9.348061806515531526e-22,-2.498211499858814317e-13,-5.118891055896668686e-13,-2.740020177220443642e-13,5.525056118260408706e-12,1.833084720519301968e-13,2.370405187192334799e-13,4.166439499053800982e-13,-2.844603502724519394e-14,-3.113016268916165827e-14,-6.098508424418663212e-13,-2.757895818028387608e-13,-3.023835035356984787e-13,-2.609298475389677827e-13,-5.089808875819847114e-13,-2.505639802165028729e-13,3.845507897588421000e-13,1.407619793460343045e-13,3.372367264769706288e-13,5.469800484534535549e-13,7.516058762552631464e-13,9.588080497064289518e-13,5.399714812500983662e-13,6.549218130585090139e-13,1.213149020023405955e-12,1.210652917745973347e-12,1.123709366023276966e-12,9.921433194695739757e-13,9.119460833689527155e-13,8.194933702998920101e-13,7.137398160162883786e-13,5.889427955738470287e-13,4.459000493311652806e-13,2.736684214076342014e-13,-2.485934793938775532e-12
-5.572587978569912230e-13,-6.685034920424070634e-12,1.756094916109218073e-12,3.623651837251523167e-12,1.927075301184994810e-12,8.213326425525351836e-12,2.398025741908225011e-13,7.104764937985804156e-13,2.020228387744173421e-13,1.941373100878941357e-13,-4.491319283180379900e-14,2.218191181718136176e-14,-6.478080747295249682e-12,6.883460046019674533e-15,2.082307628345983804e-14,1.258696106674223245e-13,8.244554316996885519e-12,-2.130234144014270696e-13,-4.193523020974927343e-13,-2.220492241734426051e-13,5.329976996914368887e-12,1.604689181690617295e-13,1.999231721190791517e-13,3.480699966458180582e-13,-6.630199541604269762e-14,-2.841907495780506989e-14,-5.158523601029794398e-13,-2.373503979567621778e-13,-2.624439511413875196e-13,-2.261093865805857024e-13,-4.274801678606435757e-13,-2.109751595347751136e-13,1.229482930350410795e-12,1.203177663763217879e-13,2.910579170195307207e-13,4.758722470392107556e-13,6.580614414443170942e-13,8.436414756656317655e-13,5.087419323604766592e-13,6.168047142576495994e-13,1.090929848902939587e-12,1.093816556883006739e-12,1.021343632338103432e-12,9.119460856597593459e-13,8.463346633119403299e-13,7.661990599855907291e-13,6.718895770970182004e-13,5.578599499198774595e-13,4.244887805636743971e-13,2.623921559043278040e-13,-1.979103469849251243e-12
-5.113839369377452226e-13,-4.373247124499286458e-12,2.631424283784384015e-12,-7.973981855294237461e-14,1.440032492851872595e-12,6.247234843627564746e-12,3.053849710211977838e-16,4.330319991965379908e-12,1.882109894209239411e-13,1.831114039856316132e-13,-1.314413702541087700e-12,1.864342483751337025e-14,-5.180306027046609518e-12,9.720771327141199774e-15,-1.040332289018952384e-12,1.021785711234504948e-13,5.965174239160643980e-12,-1.795351454304814664e-13,-3.374225447603131640e-13,-1.779592715136264440e-13,4.100405395584085459e-12,1.406109955551586254e-13,1.681425462698325227e-13,2.820267531572639866e-13,-3.332536804607966517e-14,-2.590631467285525626e-14,-4.185968400078152684e-13,-2.031456553652897578e-13,-2.267581409946256841e-13,-1.950071729362961289e-13,-3.408309089429225732e-13,-1.697274894228493030e-13,5.518232837742589119e-13,9.899914621544610172e-14,2.420499858936600390e-13,3.986307006467122989e-13,5.553468428716948869e-13,7.172853868084236220e-13,4.716831544705885644e-13,5.749925591490452151e-13,9.536051036306350645e-13,9.633456772652176054e-13,9.054568099252685103e-13,8.194933704608069120e-13,7.661990585418615756e-13,6.997844434028410347e-13,6.190803362040531621e-13,5.177190980517514843e-13,3.964337430583177195e-13,2.463897981318267319e-13,-1.184205370038062801e-12
-4.073042244927628990e-13,7.501456478205871963e-13,7.906550064105186091e-13,-2.378962335720541772e-13,-4.855869450432700353e-13,6.270548584817355294e-13,-3.801896194673380455e-17,-6.731891912613563657e-13,1.823860984490273786e-13,1.763509218838732113e-13,-9.822295330008617371e-13,1.255308497361032680e-14,-3.930969010795274862e-12,1.391014115655998333e-14,1.311530703260781269e-14,8.058633805363040281e-14,2.165416312900600348e-12,-1.502572664498896794e-13,-2.679774707535315474e-13,-1.415001107021941175e-13,3.233453278764000148e-12,1.223153568005580902e-13,1.414959975784034285e-13,2.223022669216445531e-13,-4.761875001356816238e-14,-2.297722636180218223e-14,-3.275714712150696913e-13,-1.721091124787884803e-13,-1.937834314965919059e-13,-1.664864973925162078e-13,-2.589503995389930706e-13,-1.311360729808419675e-13,1.961990494191346735e-13,7.854420334590400184e-14,1.945429931162422083e-13,3.219321555744160424e-13,4.520490178030881405e-13,5.885205482824618609e-13,4.234984661817867467e-13,5.226320744327634716e-13,8.060164330690287244e-13,8.208272001243655211e-13,7.775082074156944438e-13,7.137398152054421598e-13,6.718895763401634899e-13,6.190803343676199118e-13,5.530561408606038604e-13,4.657018377127889564e-13,3.586597652894576727e-13,2.242488830136842342e-13,-8.376029379767383716e-15
-2.363343639488030137e-13,-1.062984947934981912e-15,-6.308318752770804645e-12,-1.176556685716524326e-13,-3.857463845510467234e-13,4.513042811504547941e-13,5.423605338382908556e-21,-4.738996457258954033e-13,1.545253947963044530e-13,1.483011535693886663e-13,-5.806427296886595859e-14,1.040098739604715280e-14,-2.825152415392071931e-12,1.308484883443293348e-14,1.061484809483273606e-13,6.518793300645651496e-14,9.394608169526897932e-13,-1.252400972276822774e-13,-2.145774088329173026e-13,-1.145606173615818829e-13,-1.098411966027730234e-19,1.025284261381483121e-13,1.156434052781866729e-13,1.690011461674961930e-13,-3.564603333547401717e-14,-1.960559594344246480e-14,-2.442174432290933409e-13,-1.395504709375960470e-13,-1.573600565020486122e-13,-1.345753736172293967e-13,-1.869603889675748304e-13,-9.593285928878054327e-14,2.134147722799220497e-13,5.918805724459488215e-14,1.484673380336134107e-13,2.477395419060775963e-13,3.508779417533438641e-13,4.605030242543308435e-13,3.608244884409193471e-13,4.463857449817938544e-13,6.489230318314401751e-13,6.655764184511934538e-13,6.339606103409740928e-13,5.889427963746416702e-13,5.578599529671033996e-13,5.177190991876222295e-13,4.657018390330473681e-13,3.943918169872106523e-13,3.052033756866061360e-13,1.916526389307660146e-13,7.278991070176283768e-14
7.693464983079189022e-13,1.077625989411631753e-11,-4.322464654260312562e-12,-2.842336998634241271e-14,1.209464763563577362e-13,1.700952243218481092e-14,5.202256253832157278e-12,-5.737384296212398918e-15,1.192384370342173047e-13,1.151030608433443232e-13,3.172826929482982719e-16,8.567211215638356904e-15,-1.866646287582120098e-12,1.123135549475616740e-14,6.051738968766654027e-15,4.612539312337147565e-14,-6.636588355429578759e-13,-9.141781154923093760e-14,-1.499168716764399671e-13,-8.035124885540495351e-14,2.015162904048448379e-13,7.700771203837430911e-14,8.380330739575595145e-14,1.160965691700772606e-13,-2.012294265172709960e-14,-1.521440088372246926e-14,-1.665312133650077844e-13,-1.023184920906472176e-13,-1.159755841944724278e-13,-9.910831995014888129e-14,-1.234813987442226196e-13,-6.427318574997781351e-14,-3.079505342049163089e-13,4.119200534485976915e-14,1.041619970056311367e-13,1.754641515634674742e-13,2.506146174539281091e-13,3.317499108063106635e-13,2.803835636373001354e-13,3.470871847634312511e-13,4.806904733633323985e-13,4.964469977618089581e-13,4.749502497426779183e-13,4.459000472416446007e-13,4.244887799393718457e-13,3.964337415625805442e-13,3.586597649661300681e-13,3.052033749487687541e-13,2.374208328268130804e-13,1.494633750284666764e-13,4.416613127117396460e-12
2.384792789502151278e-14,5.116028696535787000e-12,-2.277261168656800164e-16,-1.341941678830570706e-14,5.601419018482749971e-14,5.192331497371682142e-15,-8.068477579511590868e-13,-1.699727742487874344e-15,9.076218382871535824e-14,1.037639512712907985e-13,-6.002018930608034229e-12,3.753185104613155715e-14,-9.753025382498316976e-13,4.949965915740829722e-14,3.945829610700007139e-14,1.889912106375076296e-14,7.861144049036833177e-14,-4.521822969337504080e-14,-6.204899210712863913e-14,-2.415897978979276979e-14,2.837733413169709857e-14,4.914363087715792549e-14,4.270746886021764352e-14,6.859362019834551186e-14,-8.384241895010398596e-12,-1.035865259001344765e-14,-1.558931069508087619e-13,-5.763396671632365123e-14,-5.654580637094189870e-14,-5.388964096263158910e-14,-6.469701844716265996e-14,-3.460480857923512145e-14,2.643498589885175283e-13,2.293226493977429340e-14,5.919713296054624656e-14,1.006414262408670366e-13,1.449899910293406315e-13,1.952104459042474234e-13,1.711293546899490584e-13,2.130707574778557660e-13,2.899672318173119503e-13,3.005314215868217106e-13,2.899963303318708981e-13,2.736684231832105058e-13,2.623921578839708882e-13,2.463897982469534711e-13,2.242488813565641416e-13,1.916526369981469668e-13,1.494633722013989407e-13,1.460251841024366743e-13,8.826609228337228522e-13
-8.455792368112274257e-13,-9.642290453550867418e-12,-1.545850040556079704e-13,-5.243605520897500767e-12,-6.331779597573395877e-12,-7.327126071815591893e-16,-7.450726109735200377e-13,5.374888194898494336e-13,-4.823673326870910571e-12,-1.296910522214739683e-14,1.557049619257072617e-13,-1.535373067898491942e-21,1.451183586074916371e-12,9.373486605705039172e-12,1.525608294436777623e-17,1.218658333498132537e-12,-6.987796286320468302e-15,2.966215183544977573e-12,7.121750500128758566e-12,-1.651025658901381344e-14,-1.018995437155687582e-17,1.157159602020583840e-13,-1.645357168876632900e-12,3.024635080611880758e-12,-4.582551101027742554e-13,-1.005530886956424181e-14,-8.971975261832122334e-13,8.897357071435202035e-14,4.112935174461607691e-12,-1.095578672979167805e-13,-1.458861366638600775e-12,-1.193545269560569543e-12,-1.816461214422944023e-15,-5.550769356971426694e-15,1.500460671483301186e-13,-2.189466436846602767e-12,-2.362209578195016666e-12,-2.615490724581044945e-12,-5.732911377248279773e-12,-8.906492629119241764e-12,-3.753629236336021164e-12,-5.281961196981921401e-12,-2.325102165296332018e-12,-2.485934793595341693e-12,-1.979103463343251562e-12,-1.184205371576909748e-12,-8.376030742837519674e-15,7.278991350306564412e-14,4.416613126707128609e-12,8.826609206644220058e-13,2.405545623862800160e-04
